txhash,fromaddress,toaddress,amount,label,risk_score,rank
a5e38f02d2ade25fe19600cd380e080485151225511e51d269d94432ccb22ee6,bc1qmpgugequjgp9z99j2pylf3qpw87fj7vwjfm6ev,bc1q533d9nuatdz8j926x9ezmsugv2hu82d3hypzda,2.6679967,1,0.9992405541608739,1
005de974b5b73da494072050145e9ab2df1da778e0be9f6cfe57d5ba55cc996a,bc1p6k7s7ne0rlfrjh5zcyvuguz89y5xvhfj3tdq9vx5tc7tmahksd2swxcdxx,1PaZxnTaE825x2ZmjYfJ7TEQXugi3X7YqV,1.45089629,1,0.9992290028464003,2
dc00ca5d6c0b63286044fe215f7b15140ef8e3f5c678ca94891c9d2dba5881ac,bc1q66v020yllcp6g36awf6tvp0eld0km58qeeq6z6,bc1q8d6cluyekc57d5vx58y6dr5uzt9fq5kzpx2k4x,0.77413057,0,0.9992290028464003,3
0215acdba6eb63892750d3e9cb461c5f7b7a766ee63d3b7abffbe8793a85f2f1,bc1p0evja4dys44pqrzv2l56ceucdtdkg2xnrdrpsvlrnl2vggcex0ass3t0qv,bc1pcqqsf2vunejl9l2g9k5lndwms7h44hgk3uup7qz7whu2dt0lxpqs6pg3r6,1.20171514,1,0.9992290028464003,4
76c9a72a62b33a85da5e316324d73ced8b1761e055c179f646c2b31c1604c6d6,bc1qcrn94409yg6xwwak86dktq5qzgnf95avn6603z,bc1q43727w99qpg58ykswgzvfth7skvaagd9l03ppp,0.99998352,0,0.9992290028464003,5
0fd9aac53ff560140f7ae6467b1f4467152246a17e802b1fa3b5926fbd7c4466,bc1q9f8qkvywxp06upuf6hu097meu64kqnvjck2sx9,bc1q8d6cluyekc57d5vx58y6dr5uzt9fq5kzpx2k4x,0.98532,1,0.9992290028464003,6
461e4ddd8d8e24fa151b3fc5b67b969cc70490fd0e52a2612f0d0ad3b379ccc1,bc1qxwka2pl8n6xlsn8gj0gcvg3wuu6ta53kxnk2gx,bc1q8d6cluyekc57d5vx58y6dr5uzt9fq5kzpx2k4x,0.7373,0,0.9992290028464003,7
2097c61211546bba7e702eaf0a5a776ac0704eb87650ac98075ceba69a702add,bc1qpczhlgclw8w6yjazu2x2u66sa52yf3jmghfv0v,bc1q7qd0q4jutdlt4vy6ekhqfy8j3t2ul0dznz67l5,1.04534192,1,0.9992290028464003,8
4c55ba3b21cd30897e41ce26b160d2b6e7ed4d1cb7cbdd21f6163a58aa7732e5,bc1qgu8kef49sguf930mmxchzlpsuk6z70whjm89k7,bc1q8d6cluyekc57d5vx58y6dr5uzt9fq5kzpx2k4x,0.88540324,0,0.9992290028464003,9
557555d8cae57c6f0ab9aec51eeafc2cf726c59566c78728ec39438cf05e500d,bc1quytw96ejcqsahtj70uf90hqqnnmej9h64ryw0k,bc1q8d6cluyekc57d5vx58y6dr5uzt9fq5kzpx2k4x,0.74739,0,0.9992290028464003,10
5bac8305c66fdce0ef30efbedef10a2a236958c1cdfcaab19ae9da222e569b2e,18zBbG1WEWXDkZsfyr8Upya8us3xuEaqF6,186Lo5wnzAe8X3zhmd8RCXdHXY6RiD2aAt,1.83000415,1,0.9992290028464003,11
624ca5d53529725b654c6c7bdd7e27cd7a91fa6f5a77b95d227563be866db37c,bc1qqntt66npvzqyxflqh35sfqj23sdp6gmqrx9x0d,bc1q8d6cluyekc57d5vx58y6dr5uzt9fq5kzpx2k4x,0.77411683,0,0.9992290028464003,12
914857ee3fdcbb44c91f3bf32f260bad14cde853b12ca0021761dbe76199b0a6,bc1qkfd3w7yy6uwlmttcva53agdx9txk334hzppmrq,bc1qlfuekaz49j0rmzhetue5uvvluvduqr2lrk7a7c,1.72459232,1,0.9992290028464003,13
86149419effdad396c64ca2f2df9253adeacc5632aebd6f6e3e98465dc14219a,bc1pe7lhzep6gsrmrmkp82gy5yerhlre6a80h5266dafu2enw562spyqhz00zp,bc1q533d9nuatdz8j926x9ezmsugv2hu82d3hypzda,1.76357922,1,0.9992290028464003,14
0d92cf53f1666264094a8e3052a70f43c491af8aaafa9fb56da7907ea5de7451,bc1qvwz9yk02z5t4zxl4nj39wkegemtfppqnutuldm,bc1q3c0x2ypwgnlx7wfv2sdltwl5s6mn2csp0qvfn3,0.96095965,1,0.9992290028464003,15
72a52fa5e43bbad83773ff1bd61a965891b71edf7120cc471716099eaf20630f,bc1qy9mdd7kyw2vcyrq0ehk4r86r29xlnrq4mt805j,bc1quk546yswrn6hphala0pe7y6khg25850aau6gdv,0.74269335,1,0.9992290028464003,16
2ea9f8c00bdb58e296512ebd6dd085f26f6a3697fccc614a7a4db8b55ee47bd2,bc1qxwzxgyuluh6x66xr2d2lzrl9wm2y8tjgy6napp,bc1qy9mdd7kyw2vcyrq0ehk4r86r29xlnrq4mt805j,1.54269837,1,0.9992290028464003,17
46f67854c5ae7078c259d26a44e37330f0f1e79e2b5fca502e76f3a139b02ab8,bc1qcrn94409yg6xwwak86dktq5qzgnf95avn6603z,bc1q43727w99qpg58ykswgzvfth7skvaagd9l03ppp,0.99998512,0,0.9992290028464003,18
f1280be7bb39a5e886ac985cf4eb65489b7b30d695e529710e4dd809e71a2384,bc1qflrvd3t6uhrx8mkfd2hzaxd99mlyd2jt0e3h0d,bc1qphxkfu9yp2uxeu89udhcn9lc4lchlf6kakwzjg,1.67629013,1,0.9992290028464003,19
08581fcef5e0c1152549aa344bc7c9a6519ef9853ba31c73b684086c66a921a6,bc1q9y3k5lf29577u5dyu5yt8xh3h394sum4w0030l,bc1qm7gfmjrgml7t89t25770algte8fsttfn0wr5yc,1.22000169,1,0.9992290028464003,20
c86ce7f7c7fc131a938af61b90016e11f4da59368e95ed5f272546f44cc06527,bc1pk3wwyunkq6gts6m8qutw6aef4addwge2j2h3hmhp69fzcw8em4gqay3w8j,bc1p6k7s7ne0rlfrjh5zcyvuguz89y5xvhfj3tdq9vx5tc7tmahksd2swxcdxx,1.45104129,1,0.9992290028464003,21
786aaf3a75abe448e99bf85bf0c29454135763e7f76d8d6663d8ee224a12f7ef,bc1qu5mm6vwry74vemp2lpwws0atcs3hc5atyz3yme,bc1q08cwdafxyhsjmlw2z049gje93xsaj05c9vt4a5,0.7999978,1,0.9992290028464003,22
59c05e162cddfed24e8991f38f4eb26c7bf5ec454c81d8e2f14768abcad4d81c,bc1p6vswdv3n9f2p56r3jxy7q6gf3jxthm3rl29cnzvrnrurjr6xkqeqtnvjq8,bc1pe7lhzep6gsrmrmkp82gy5yerhlre6a80h5266dafu2enw562spyqhz00zp,1.76358219,1,0.9992290028464003,23
efa77eab7a314b392a025bbf0e678029a4fd7f0bac49bbcb64951b1c1e45a9f4,bc1qeqh3mrljfjd7q8fjzdhwdpvfsmlrsgqm9j8k5n,bc1q75t87gcrl4drypw6kfqrxklrydlk7y6ke6ll2h,3.3273543,1,0.9992262402507305,24
3d9386065a05622cae79c1daf9e6be90df044757d5858db01200184a5f782959,bc1p6k7s7ne0rlfrjh5zcyvuguz89y5xvhfj3tdq9vx5tc7tmahksd2swxcdxx,1PaZxnTaE825x2ZmjYfJ7TEQXugi3X7YqV,3.3308542,1,0.9992262402507305,25
079b2e3bdeb2c7afbcbca3528d6f89678f774de8bb9129dd2e9c68a031e9e6e7,bc1ptq2ljtlekpu3upsjzrcxusvfh0va4tnflpl4e70mm690y949prqqwg0a2t,bc1p6k7s7ne0rlfrjh5zcyvuguz89y5xvhfj3tdq9vx5tc7tmahksd2swxcdxx,3.33085726,1,0.9992262402507305,26
1430df0b716f4b4c8538207e985a2bf4e432abbb2a05ead371e1eb363d9e3c67,bc1q5mfs5stcnz82qqu94j5h74g2tz39qrvaygsq04,bc1q43727w99qpg58ykswgzvfth7skvaagd9l03ppp,3.8641,0,0.999027871918475,27
3a97a47886d0212707f561e762e3838368af92bf8ac328bbebf8625c46c3c69c,14fLoUX5SRderQ92goU8uZ8Li4VU4ASvPP,bc1qeqh3mrljfjd7q8fjzdhwdpvfsmlrsgqm9j8k5n,3.82764335,1,0.999027871918475,28
c1b899012c756924b988537e8117513bcb3b20765596dd78a8b2297199e2427d,1DAg1TpAbY1DuexViGo3dJX441jj32aX7f,bc1q5vcpg2hz089r3vlgh8lt087q4m98klaphq049q,6.2238845,1,0.9990139443418733,29
d6da2c186569f481ee780fba16a884ffd091bc896f48c99eb4d5e0f26da0b7e4,bc1pd9dsm2t6m9akd5mdrl437xz5z67ew082069dw248ncgpkm52lrjsljaswv,bc1q67pcuharjsvslw4w34rqtpqmddlu20ns0ztgxa,6.6947367,1,0.9990139443418733,30
b86354ce3bfc7765ac0c72501d6db44cd443911ad67bd2c87f79d2c83fc8b4c6,1MxZqPVEtVoPG3aHywFGKKRhhgMFkz1TfG,bc1q89e5uqu3sacdpsvgwmnedt358zkvj57mwgezxe,6.21065804,1,0.9990139443418733,31
22288c0e483091f492dc6f66a4b369330297c8b24e6ed8b9b2c669a16584999e,bc1pxehhx03xx637f4rlkaa28q8e8w3mrmsqz6jge76n240s7hflldvss8lssh,1PaZxnTaE825x2ZmjYfJ7TEQXugi3X7YqV,6.72731123,1,0.9990139443418733,32
f445ef2496dc769b2847680af42454effc867ba663709e08ca3aa1f7e207fd59,bc1q2vq7pcu0ljsvyxgp7ts3n50at5urg75ez5clr6,bc1q8d6cluyekc57d5vx58y6dr5uzt9fq5kzpx2k4x,0.66457799,0,0.9983151617336883,33
44849751eb75d3b987c7a343b7fce83cacb84a1c062913ffec4bcebb33659b41,bc1qsfhdhr5d09zt0zvvwtfm4dyayhcefg8ezxv48m,bc1qs7q9ce9nk6gttftk3ayqur4kf8505rv2gw8k65,0.60964132,1,0.9983151617336883,34
cb36a0ac6e93b89bd967f1a3644b47364c06049b9b70bf663a9f124a2e5ca4c4,bc1qtak5flan50rwdwv6av392nhq73x7jjrgrv34vj,bc1q8c5faxjsf0ept3cyvuernkgqf3g8eqrrfk5xfr,0.75558581,1,0.9963431411332236,35
1e3553349c4d17837793dcaf6be3d3073bfe947b24b706f81e21d04d4c565b90,bc1qn75wgphn9lvd79eshmh502838jwcfhvuct4lym,bc1q8d6cluyekc57d5vx58y6dr5uzt9fq5kzpx2k4x,0.26629167,0,0.9951345327622717,36
de65171883b030d4a1f833367e7a361eecf0982348f53137105a28c02118e908,bc1q0rwvs9ms4eeane7ql8ylrmr7r8hwrmgx5m4jqj,bc1q43727w99qpg58ykswgzvfth7skvaagd9l03ppp,0.34261671,0,0.9950125815427593,37
09650ef5e0fd98a6494f059e07612164880ca8fcdf613875737041cd6176cc76,bc1qm7gfmjrgml7t89t25770algte8fsttfn0wr5yc,bc1q5n4nwzrr90rpteercw3dmwkt882zmdk2a67wjf,0.44219041,1,0.9949196507205356,38
15f118092e5785e22ac45a62d02291d9b4d34288f1a7cdb89f60c4d55b70cbcc,bc1qngtkgl0pdvfmda22vjap6rl9wsz2zmlxqnekxr,bc1q8d6cluyekc57d5vx58y6dr5uzt9fq5kzpx2k4x,0.22244,0,0.9946996708938532,39
8e40feb4c7822d7738d7e7908c1d6463fc44db8db858e964db4719cd3968906b,1HoBdbfENGo5nN2XESTHGGLaJ8xsQKdcuw,186Lo5wnzAe8X3zhmd8RCXdHXY6RiD2aAt,0.22532163,1,0.9946996708938532,40
9f97a6b1a23842745d0ccedafdc69ea23aa88458325e2720653a40c66c48b522,bc1pupqjcw45xtgvgdp3ngpyzuerjatuuc7f5l4y7uzum9smadfnc4pq4mtcxp,bc1qgrn30jql9q5pkg95zf9qy48tndhlxdg0x682mp,0.312075,0,0.9942346380407162,41
750b242cb2db72df6c0248cfdce232ce5f7652ef8087e5b2c458b0ec106645f5,bc1qnece2r9l4ks0kkp7lzr7wr6g3j9pnp7pkz6gc6,bc1q9f8qkvywxp06upuf6hu097meu64kqnvjck2sx9,0.46379477,1,0.9937052768936121,42
4475b38043084cd20317f4c56ea713e518fc9e7b0beae9f141957b33958d2d79,bc1qdklcxh7zr64p800yeygxeumkevq6tx0gufnxen,bc1p7tr3xyj7mmmpptmr58gne9jfs77a692me69wzq9zwr2nk6d7dyaq9a203t,0.62559721,1,0.9926826854635705,43
750b242cb2db72df6c0248cfdce232ce5f7652ef8087e5b2c458b0ec106645f5,bc1qnece2r9l4ks0kkp7lzr7wr6g3j9pnp7pkz6gc6,bc1q9f8qkvywxp06upuf6hu097meu64kqnvjck2sx9,0.52154179,1,0.9920308252735444,44
1e62bee4bff5ee4b8691f9f865618726be1d8a49a176fed7dc794056e0e06a11,bc1p3f34a7tqy94dwtkuz05kw9x8csvgthqgcq0q65vs09y0ahzju97stjd4ze,bc1qtzmqcqxl25hmjx48pm4hnel2gqa0g8jhz24qxm,1.8,1,0.9911643175209547,45
cb36a0ac6e93b89bd967f1a3644b47364c06049b9b70bf663a9f124a2e5ca4c4,bc1qtak5flan50rwdwv6av392nhq73x7jjrgrv34vj,bc1q8c5faxjsf0ept3cyvuernkgqf3g8eqrrfk5xfr,0.99859684,1,0.9905207871750537,46
973acae6b4b85c47614c016b7df55da4db27054e2a493f334dd845b25379349b,bc1qlfuekaz49j0rmzhetue5uvvluvduqr2lrk7a7c,bc1qk7hq5qhzx05ajerh20uz8ka6tetdn2f8c2qszx,0.6848,1,0.9902662754156724,47
9f97a6b1a23842745d0ccedafdc69ea23aa88458325e2720653a40c66c48b522,bc1pupqjcw45xtgvgdp3ngpyzuerjatuuc7f5l4y7uzum9smadfnc4pq4mtcxp,bc1qgrn30jql9q5pkg95zf9qy48tndhlxdg0x682mp,0.31280156,0,0.9901304959175496,48
353750f4b25a5a62accf20486073f618a8e594eb62839b2313c07308571e8ddd,bc1q04rf66rzp0k0nrqpwsxxpskawa6e4c26lc350x,bc1qv24uerzwyt37ruum4fvnjn9cgdrgvz88n7xjwj,0.56,1,0.9892090515757026,49
cb36a0ac6e93b89bd967f1a3644b47364c06049b9b70bf663a9f124a2e5ca4c4,bc1qd59t4y79apxeujdjmw8ql7vygzjt2rlle7esct,bc1q8c5faxjsf0ept3cyvuernkgqf3g8eqrrfk5xfr,0.32282733,1,0.9884076012870548,50
33ba19e642b6184b34f66c5d1824de2e24d800c416b2d8452e4d124aeca49f25,1PaZxnTaE825x2ZmjYfJ7TEQXugi3X7YqV,bc1qc54gtq64rxud93z0zsdhmuyhzm8akzx7s43dzu,1.45089629,1,0.9875858756106461,51
4475b38043084cd20317f4c56ea713e518fc9e7b0beae9f141957b33958d2d79,bc1qdklcxh7zr64p800yeygxeumkevq6tx0gufnxen,bc1p7tr3xyj7mmmpptmr58gne9jfs77a692me69wzq9zwr2nk6d7dyaq9a203t,2.73609086,1,0.9870010950026643,52
973acae6b4b85c47614c016b7df55da4db27054e2a493f334dd845b25379349b,bc1qlfuekaz49j0rmzhetue5uvvluvduqr2lrk7a7c,bc1qk7hq5qhzx05ajerh20uz8ka6tetdn2f8c2qszx,1.72458698,1,0.9869532562443396,53
9f71f1c3f77ca10692b3b203a4df18beaf58261c28a10658c569df9df371d37b,bc1p7h4mmmkzqmq683qqk3sw4yxu073hrlle4xws47qkny3c2htpv6uswgfqs2,bc1qew9vzcy7ttzqc9mgsu2ank7882dj8eyz34q9s9,0.05513946,1,0.9864625413909396,54
4ee65388819949a8484780468c702a243d8bd061e5599cf28664e4a143e644db,32C1AVrRkZbCwSvvC1L3WB5dXyrJuPZeCR,bc1q8d6cluyekc57d5vx58y6dr5uzt9fq5kzpx2k4x,0.0059956,0,0.9862779749277187,55
4615347c229df0598cfca0b498a0c6447ebff5b6007db8afd81d8cc4ae79d8f7,32C1AVrRkZbCwSvvC1L3WB5dXyrJuPZeCR,bc1q8d6cluyekc57d5vx58y6dr5uzt9fq5kzpx2k4x,0.00599549,0,0.9862779749277187,56
69f981084f96e242c183b7cb0e76cc93c792baf85f080f2aa3ab40027d574adb,33C57hx9mKdUat4jaRheVkV7wL5u3uur1J,bc1q43727w99qpg58ykswgzvfth7skvaagd9l03ppp,0.05998239,0,0.9861516073480219,57
09650ef5e0fd98a6494f059e07612164880ca8fcdf613875737041cd6176cc76,bc1qm7gfmjrgml7t89t25770algte8fsttfn0wr5yc,bc1q5n4nwzrr90rpteercw3dmwkt882zmdk2a67wjf,1.22000169,1,0.9861281262533352,58
e909da2de66d918c2dc39d5db1b13f889f04ce8505bb3067e17c246baef3d85e,13Yh33sWB2T1HvyXFKxS5nWbpUKmdLM75B,bc1qgrn30jql9q5pkg95zf9qy48tndhlxdg0x682mp,0.00779717,0,0.9860342775794608,59
5ea01aaf4cdaf20a92f18d48080640380b782b0bc5a4464a5390c9a5babdf42d,3LoyJ9VQ7nMmqu8uSEfjgexBeLCpNvCNcx,bc1qqpq4yrakqcfcr92l5ljygw2gx2kg9z7rw3874z,0.00479137,0,0.9859787230766994,60
9b3a74993821f0932c59fad2e906721521a7d815891f6efaa1fd526185de611a,bc1qcx7lz0dmefcfs5zq26r98ajyndf5yt6vac57n2,bc1qgw7rvl069r5h0ewl4vfze8c3qh6rn8ttnwdv00,0.00478638,1,0.9859787230766994,61
72c580114244ced3ec0fe0413aff9e153f0cf22d31e186b7115151dee73dd5ed,bc1qp6gufu00s8mdqqzdx2z75zm3v708urx040mytd,bc1qvhm9ta0lqg5lw7gzttvngkgnvn0trszd33qa3p,0.05382756,1,0.9859069858353839,62
f7b4bd952f8bcbece4b0a7b892ee2378de6ce60470dbf7575d6a7f008f2435b3,bc1p20xw3xsrdewfqgwmwdc7xjgdsc0qmxszwp2l4xxfhm4gvp0m54fqquqlfj,bc1q8d6cluyekc57d5vx58y6dr5uzt9fq5kzpx2k4x,0.00797886,0,0.9858804314256148,63
09650ef5e0fd98a6494f059e07612164880ca8fcdf613875737041cd6176cc76,bc1qm7gfmjrgml7t89t25770algte8fsttfn0wr5yc,bc1q5n4nwzrr90rpteercw3dmwkt882zmdk2a67wjf,1.28873441,1,0.9858512061732622,64
b760cbfa1df5e6793087be7a483cafce842eeb543e43a495b9a48cbbaded7ae8,bc1qjxz7s9zsjuzdwsc9cjvjps2manxzppj0xmsdk3,bc1qgrn30jql9q5pkg95zf9qy48tndhlxdg0x682mp,0.00042327,0,0.9855274280329712,65
ee683297cec912b05c910d13ed078e17121d52cd19ead0bffb5fef79f217aabe,bc1p3hv7fly5rqjjk5vl4gzxul3ayymkllkve36jdwzh0wya723l2pjq3wvkg2,bc1q8d6cluyekc57d5vx58y6dr5uzt9fq5kzpx2k4x,0.06712578,0,0.985445224869535,66
1e62bee4bff5ee4b8691f9f865618726be1d8a49a176fed7dc794056e0e06a11,bc1p3f34a7tqy94dwtkuz05kw9x8csvgthqgcq0q65vs09y0ahzju97stjd4ze,bc1qtzmqcqxl25hmjx48pm4hnel2gqa0g8jhz24qxm,4.50290363,1,0.9846911095724846,67
cd630d077585e23f5a72aa31e04f3e4b3904aebc70ba19b9b07870c5a4c1fdd8,bc1qej7yjgy6zv5ndajxwvckv59hkdf28y9pdu95mj,bc1qk92fwypvnank9l5nas4nx4dt45899xhtygpkav,0.02677038,1,0.9845779747473926,68
61dc05e4ef51e89aabf81874aa661f3d77162055e055a4c72ba91ff0b1d2baa9,bc1qyyrhzky2p9ezgpvz9vwqjvlzp47h44p98shuc5,33SKHVhytnkqF5SoJzHZjerL9bhAY3zo7K,0.00092054,1,0.9843917670981837,69
427998352c8f6c3a0f705695313547c6ae71b7b0edc2db7083c6a6bf18afb8f2,bc1q9f8qkvywxp06upuf6hu097meu64kqnvjck2sx9,bc1qa0pkfxfcyzmhgfz5mvpk45p2tpctk7sm3mkyzx,0.02661,1,0.9842850303445005,70
39711dde8f133925c8457dff7dd2f9389a23c9eba357ae2d15e718b4283e4286,bc1q0kej563eucwgttdea5pvv7qcx7pfxg8n82af7s,bc1qz8xgzwy54mvjprt7qw2msx6c590vegq8x0ka2n,0.00095,1,0.9840862115426282,71
cb36a0ac6e93b89bd967f1a3644b47364c06049b9b70bf663a9f124a2e5ca4c4,bc1qtak5flan50rwdwv6av392nhq73x7jjrgrv34vj,bc1q8c5faxjsf0ept3cyvuernkgqf3g8eqrrfk5xfr,1.00532669,1,0.9832215226025542,72
50583da6dec8aa24c8d8badab3fb232b050f71167c0cfa7f77931843d037b4c7,bc1qgrn30jql9q5pkg95zf9qy48tndhlxdg0x682mp,bc1qjt0xrx9tyunutw7hqhm9wr0h2hnpc4jazkgl9v,0.23821682,0,0.9829723311698002,73
c3d6424fc81a6e4a649c242800efd3ecfaad2d7d1c4d429526ede30f8ea8e8b7,bc1q43727w99qpg58ykswgzvfth7skvaagd9l03ppp,bc1p5yvr3hfqzmuqesvf76wee5jdvfquf6spyr2g6vjwp5ky3wc48kzsq7sgfj,0.22066074,0,0.9827804850906107,74
3eedf7e34c06c57fea23c6c6d37bde488e3f8876e5dccaa673dfe5cdceb88f7b,bc1qa0pkfxfcyzmhgfz5mvpk45p2tpctk7sm3mkyzx,1BwtP7Y8vnM9qSCqKkQLdNzyHGjAfSVbHd,0.22473337,1,0.982745872592318,75
0fc058d99db79821a4654589f5ed20d78760f0a65f886e34e8b61d4e90d66757,bc1q8d6cluyekc57d5vx58y6dr5uzt9fq5kzpx2k4x,bc1qcm0v8nlnlpfdzaddv8vehuvyqufghjr7dafq0e,0.23883905,0,0.9827247425014876,76
fff7c668cd7ec2c59266ce868a8bf8a1ee7839385599caeee3c316cae1cf8689,bc1qu8mvqszp8rnzv8tudd3es207hzcw9cv0mmr7f3,1HoBdbfENGo5nN2XESTHGGLaJ8xsQKdcuw,0.22551555,1,0.9826215981591072,77
1521fc47eafb707cb7c0c7414a53975c74bb451e7c4c2052cda203e8e1286263,bc1qqpq4yrakqcfcr92l5ljygw2gx2kg9z7rw3874z,1EdgM2Svuhg83A3YukwMPR3nsrB6zi41Ao,0.33480331,0,0.9821034724184281,78
e62a9f8522f75b0573cea33758bcfdf980f76cb900e1b9a27e36fbf8ed2fc35f,bc1qgrn30jql9q5pkg95zf9qy48tndhlxdg0x682mp,bc1qk0zrww0gaam9wy3g0svgu935nd2lje99yku5g5,0.29842892,0,0.9819717752576621,79
55fce1a82474fbe84c18b66605a2f3e2749c7c902c45201bc494dd7332944a07,bc1qlzq4wep5u4zn6d64u07gsecdwvseqltkpxd2z7,1EdgM2Svuhg83A3YukwMPR3nsrB6zi41Ao,0.39175782,0,0.981878102818213,80
4311da1ec6a4393b032a387c38beb79b025c79c9a3eb0b3601631855b95c5f28,bc1qgrn30jql9q5pkg95zf9qy48tndhlxdg0x682mp,1EdgM2Svuhg83A3YukwMPR3nsrB6zi41Ao,0.31586375,0,0.9818716578058251,81
769218d78e6756c1c54042e438cc20fe8a836d3784cd78e27f667657d536004c,bc1qgrn30jql9q5pkg95zf9qy48tndhlxdg0x682mp,bc1qg8e2nft2npfdzr9n3yt2a4wlr82qyzl94nqgx2,0.30991831,0,0.9818345203557014,82
b7a486a199062417df94cfce3d626da6b9172343f92a95f535d5e5273c285a57,bc1q43727w99qpg58ykswgzvfth7skvaagd9l03ppp,bc1qk0zrww0gaam9wy3g0svgu935nd2lje99yku5g5,0.46420718,0,0.981679297776486,83
49436651313402669af3158eb9407f67ee0775cb391d28d7f6803f43d984ff30,bc1qguaund6dh2sxslzxcpy47nn4q76rqfcg0q4py4,1EdgM2Svuhg83A3YukwMPR3nsrB6zi41Ao,0.45726845,0,0.981679297776486,84
3f32c199c158c0b882972076d5f831c349155e1779296295916a628a1ef975cd,bc1qa0pkfxfcyzmhgfz5mvpk45p2tpctk7sm3mkyzx,1EdgM2Svuhg83A3YukwMPR3nsrB6zi41Ao,0.43296163,0,0.981679297776486,85
a05aa3dfb868847b573df80f28c925d11675157dd2b0bb28df7ecea638b440d6,bc1q43727w99qpg58ykswgzvfth7skvaagd9l03ppp,bc1qzzpxypshakjxjwzpezpearajcg05glwhs6jtgk,0.46689321,0,0.981679297776486,86
9758ba79ef5b66ab9176109c26aa422ac2bdfc15025e4719e91917239258c9c2,bc1q43727w99qpg58ykswgzvfth7skvaagd9l03ppp,1EdgM2Svuhg83A3YukwMPR3nsrB6zi41Ao,0.42213874,0,0.981679297776486,87
ec318bc4d2e2294c49eef1a04e4325fdff294a2588e5980288150c1fee64be9b,bc1qguaund6dh2sxslzxcpy47nn4q76rqfcg0q4py4,1EdgM2Svuhg83A3YukwMPR3nsrB6zi41Ao,0.39280865,0,0.9815956041357405,88
cb36a0ac6e93b89bd967f1a3644b47364c06049b9b70bf663a9f124a2e5ca4c4,bc1qtak5flan50rwdwv6av392nhq73x7jjrgrv34vj,bc1q8c5faxjsf0ept3cyvuernkgqf3g8eqrrfk5xfr,1.00889153,1,0.9815739229874988,89
0438492b946e771dcd8c209b338b25b5ae22037aa7a69d2f8f5cfeaa6dfa6452,bc1qguaund6dh2sxslzxcpy47nn4q76rqfcg0q4py4,1EdgM2Svuhg83A3YukwMPR3nsrB6zi41Ao,0.36490216,0,0.9815463954450288,90
cb36a0ac6e93b89bd967f1a3644b47364c06049b9b70bf663a9f124a2e5ca4c4,bc1qtak5flan50rwdwv6av392nhq73x7jjrgrv34vj,bc1q8c5faxjsf0ept3cyvuernkgqf3g8eqrrfk5xfr,1.00875441,1,0.981293379837145,91
e3c02d951126dc1e7e7b1efe7c20f9ad687fa19c6c60ffae5eb0bf955e154a6f,bc1q8d6cluyekc57d5vx58y6dr5uzt9fq5kzpx2k4x,bc1q9jrynwafffrv8zddy3twpz3tqpfyk04z9lc386,0.20506834,0,0.9812644419529025,92
d5c4315d06d18cc405800ce9da91b1ca519ce5fd0d80105e11966c0e678d85ca,bc1qu8mvqszp8rnzv8tudd3es207hzcw9cv0mmr7f3,1EdgM2Svuhg83A3YukwMPR3nsrB6zi41Ao,0.20574057,0,0.9812644419529025,93
80d5f711054b4a5fc29a67680379405236dd99e307146296443a567a0e9e6d9b,bc1qguaund6dh2sxslzxcpy47nn4q76rqfcg0q4py4,1EdgM2Svuhg83A3YukwMPR3nsrB6zi41Ao,0.61530053,0,0.9810683310932065,94
801e8ef07e75f54c8b6d327581ac5ff625c951ce5ebd2f902607a29eefa94598,bc1qguaund6dh2sxslzxcpy47nn4q76rqfcg0q4py4,1EdgM2Svuhg83A3YukwMPR3nsrB6zi41Ao,0.6107148,0,0.9810683310932065,95
5f2750fad4a69e7cdc63894eeeb026b5dd591a384543dbd14862e17a506eba1a,bc1qgrn30jql9q5pkg95zf9qy48tndhlxdg0x682mp,bc1qhpm0dpan40h9sfusqkgsakd5k445rr3fkgrjv6,0.30620088,1,0.9810440269417979,96
8c0fd5049cb07d04b0d085420ad62f874531290bff1cbde89a5fc3a625a2258f,bc1qgrn30jql9q5pkg95zf9qy48tndhlxdg0x682mp,bc1qnrqlrm7nxk3w30rr9p9w7qt594ldpslac2hnzx,0.61095912,1,0.9809427366777653,97
528c80ce219ce59cf5b2a3ecdda8933bbc10b7583f837c42104ced64d9dfb8f9,bc1qguaund6dh2sxslzxcpy47nn4q76rqfcg0q4py4,1EdgM2Svuhg83A3YukwMPR3nsrB6zi41Ao,0.62305825,0,0.9808192075634552,98
19d58be10ce524cb639dad769e6f9f75e51108c66d5a79e7c270725bdeca2111,bc1qx897x4lh6yp2g8glwjf2u76svrumrutpgfm47p,bc1qssr8c7gnth7pwjpn8unalg6tuaq7dxgs025672,0.44399782,1,0.9804493480671074,99
95c910346fe08a187f625ad2505dc38971e5a22f6764b28ee12b377685e3202f,bc1q8turve2fmhg07tm2mzut75d29hqmwkaqjyuumj,bc1qdklcxh7zr64p800yeygxeumkevq6tx0gufnxen,0.86867149,1,0.980360202216191,100
2696aca10407bea72cba8a774bf946e0f0818cec80f5242e8aec27e0d32c3915,bc1q0vme76vtg5acrugkc7e89znsx59azaf29txfs8,bc1qm7gfmjrgml7t89t25770algte8fsttfn0wr5yc,0.21260582,1,0.9802897100070743,101
db4c81172698fb256377c6599eb8d48e75d983b9d1791227db9d85df9ecade4d,bc1qguaund6dh2sxslzxcpy47nn4q76rqfcg0q4py4,1EdgM2Svuhg83A3YukwMPR3nsrB6zi41Ao,0.61060865,0,0.9802886094103859,102
d01202f3d479aee285a42b48f819eec567026e7a7e3f897b0fc7fd3ee9205ce5,bc1qy9mzv7s8vuexn5x35g4a2y6lyxvw9jlnrxx5s5,bc1qwuqzp6mdxnczsm4j9dvqq4naaslhykjtyz5l50,0.4999978,1,0.9800375716028181,103
6c77461c631fc48dbd3816bbe7a5c0e08c45476e7877d21eb1cf8cdcf04a570e,bc1qplmv7qfrancf4x7gtd8p9lmyf8mvw8ahgq4ajt,bc1qadc6ft8k6550245d9l6n4404qva9ppvj2sy4wv0uka2pyssazh7sp0zxem,0.49999724,1,0.9800375716028181,104
29ac687c8a933a3e2f15cd630c010329177053dc0cb5c100a5e73bc30431d4d9,bc1qguaund6dh2sxslzxcpy47nn4q76rqfcg0q4py4,1EdgM2Svuhg83A3YukwMPR3nsrB6zi41Ao,0.63998744,0,0.980013104327475,105
3171691e47c174f2dfe41c1472b6224c5ae07759f9a24102a7483e58e291029a,bc1qguaund6dh2sxslzxcpy47nn4q76rqfcg0q4py4,1EdgM2Svuhg83A3YukwMPR3nsrB6zi41Ao,0.62764397,0,0.980013104327475,106
e7ef82ac88c4c3a075a0cb84274e04b5f07409893da57c5e65ca91a2caf96dca,bc1qguaund6dh2sxslzxcpy47nn4q76rqfcg0q4py4,1EdgM2Svuhg83A3YukwMPR3nsrB6zi41Ao,0.65233088,0,0.979318676004314,107
4c0c7d717d164b8973dd212bc09eed24fcffb916558bb94807d31a5c9b951462,bc1qguaund6dh2sxslzxcpy47nn4q76rqfcg0q4py4,1EdgM2Svuhg83A3YukwMPR3nsrB6zi41Ao,0.64774516,0,0.9791930815888729,108
2696aca10407bea72cba8a774bf946e0f0818cec80f5242e8aec27e0d32c3915,bc1qdlep6app0u5jtf2smsm4l6xnju202mdxpxjg7k,bc1qm7gfmjrgml7t89t25770algte8fsttfn0wr5yc,0.07991706,1,0.9788686329803008,109
8e97cd609d1b5087ef760d49b2726294adca5a0e6f71df538edaf4c8bfba3caa,bc1qe028gcpfma2yfnpe5ujje6pnh9sjhuuwq6ymws,bc1qrt4ckfw53995lr9qtj936lpgxtknc0kfwjdrwg,0.36340248,0,0.9783264419456618,110
33ba19e642b6184b34f66c5d1824de2e24d800c416b2d8452e4d124aeca49f25,1PaZxnTaE825x2ZmjYfJ7TEQXugi3X7YqV,bc1qc54gtq64rxud93z0zsdhmuyhzm8akzx7s43dzu,3.3308542,1,0.9779756417708906,111
84fce825fb9f6507bf143e9dbb7b3cfe41a558b64760fcbec354c9b88ede40d6,bc1pt7qv4lhu2wkplpxw2m5adlvujqqljs0jf953vt6q6e006r5he5qqwu65jp,bc1ptzptdnsexn0kszvfff232qv0l69eeurahza9kxjcytw5xw36z2wqvg9gf0,0.00025038,1,0.977805000998467,112
8f4d4cd7d91cd1fcd265b638bd91af8aeb888f94e181d77c98a1d628796bf815,bc1q9aqya3kayph23u84wkzy6qla0ltuyjzwxsdywm,bc1qegyca9aln8g9amesvfguhsht94affdh88k7lfr,0.4753038,1,0.9773602094279688,113
e9d8a22b984a45f3ac82c07aef8c45a7b037b51fe8735cc7158abda30461a351,bc1qpncepu0sgz7cyzc0uedzyau2r23xsekr28hxky,bc1q8d6cluyekc57d5vx58y6dr5uzt9fq5kzpx2k4x,0.01501325,0,0.977277921618097,114
e1077515086d1e9eb315fd3ecb6eb7dfdafba886afd2d9e3a748f4129275274f,bc1p0r85jj48ga90uyjy86ugv2ahru5gjzra8wu5k0andf6gwctc8qhsh9dsuw,bc1q8d6cluyekc57d5vx58y6dr5uzt9fq5kzpx2k4x,0.01468116,0,0.977277921618097,115
bff9e9913313111d7cf266d3a61629c86dd34c335bfa514bdd5db2c8c41dfd3f,bc1p5tq0enn9hfxdxtqp692ul9rdxsf754w2nc89q305kf9k94jhrgfscz5whf,bc1ptzptdnsexn0kszvfff232qv0l69eeurahza9kxjcytw5xw36z2wqvg9gf0,8.97e-05,1,0.9772463418669204,116
a95686fc135f8f8b0b4575fb457c3456e7f2cf9d49c4a8852d6e77122a7b7502,bc1qve88jp6l5w2460wl4fgdejdkdk5k9w7gqw9nzn,bc1qnz06cv84gr6yld02avwpzd2cvnf5lxhmnuq62z,0.00022989,1,0.977089095760291,117
513346cf570f9072e8ff18e96a0d3a21c9eda218427b4e4cc5f306b50b7bd227,bc1qqtdz6sp4tt67ec3k8ujpjzcq48d3fgx09u9ldq,bc1qhrqlsa8d202nwfhryuqqrv67j6ltqnwmchk5vg,0.0002356,1,0.977089095760291,118
f63dd27e080eaf0b09bff06ac6e48aea55dcd118965412f8e95b37175c38efd0,bc1ql7u02uall0x0elxpamryq0jn2jq5g5fcp556pw,bc1qx9pem2fs8wfuxp2gj4w8nelfnyye3vgc2y5j2x,0.01526235,1,0.9767779216180972,119
580c13e7b507dc49763351442cf4900426957adf10f7e40275061fc9e127723a,bc1p8s24xhscnrjfqdjarpgn5zfl0eawezza5q5n3ymytj3zvmhva6es6vqdtr,bc1q43727w99qpg58ykswgzvfth7skvaagd9l03ppp,0.01447176,0,0.9766573106976726,120
31036e3d4aa2bbfdfad85b0e8b244a2a05e4aaf0ea0075c9cb155a612d25119d,bc1qgrn30jql9q5pkg95zf9qy48tndhlxdg0x682mp,1EdgM2Svuhg83A3YukwMPR3nsrB6zi41Ao,0.62365494,0,0.9764924819245153,121
19ddbc3324001df9456feaedf82f8c6ce83d8c242b00bb95115c73a008eaae22,bc1pvpuh6qg7x9kagfwwcaqywx40kzukrf6qhctwcfd2akms0da94wnqypxmc2,bc1qgrn30jql9q5pkg95zf9qy48tndhlxdg0x682mp,0.08382998,0,0.9764045278688599,122
11e3d4a52955d322b91d83cc2607bd446320e7891b256c3ce69ae156fe820bac,bc1qh6z2g3rjfg2zad8c3s6as3st0c83qsfa4nnuwq,bc1q26tuqm6e4lwuzj3j7c9u0xnnmae9wr3jx2swz4,0.01664,1,0.9761529216180972,123
de8479860cfe3c9e2f0d4859ab82a7914f298108a75413207d350b6aa866a9eb,bc1qguaund6dh2sxslzxcpy47nn4q76rqfcg0q4py4,1EdgM2Svuhg83A3YukwMPR3nsrB6zi41Ao,0.66467433,0,0.9758498106774076,124
99accd0e0ba94127e115f2d0563c762f8fe6b7faa2588ef124829f92e42907e4,bc1pufyhv5q92nuvaqq6jzsg9663nyuv35zh47d4j5ehr9e2qku2mghqjmjqr4,bc1qgr6h844293xzgadctg3qytcswzzykaka4xz2u0,0.04885153,1,0.975593805021067,125
e478f72b0dca0d6b4ebfd1bd8ab95041b38bc02a3fbe8334e5dfb47dca4668c6,bc1qgr6h844293xzgadctg3qytcswzzykaka4xz2u0,bc1q8d6cluyekc57d5vx58y6dr5uzt9fq5kzpx2k4x,0.04883422,1,0.975593805021067,126
b413c3194fce8f90d5c1609d43c640c656bad1d3a8abcb33be971ae3e1aab72f,bc1qguaund6dh2sxslzxcpy47nn4q76rqfcg0q4py4,1EdgM2Svuhg83A3YukwMPR3nsrB6zi41Ao,0.6229521,0,0.9750074110610255,127
7416c78ed125624e4835fefe2ebe02df79792847c9a69e7fda9b6ca8f6067b56,bc1q554ycjdecga8563cn25th6e6fqqdw9z2xvqlna,bc1qqpq4yrakqcfcr92l5ljygw2gx2kg9z7rw3874z,0.03393566,0,0.9746258890768604,128
8d670113fefbbf748bcb843560f9919f27f2717c88af66f10dbff93ad484f8bb,bc1qgrn30jql9q5pkg95zf9qy48tndhlxdg0x682mp,bc1qapa0yj5sgrrfuu52cudy48a83lhge8cdwkccw8,3.29798001,0,0.9745728636831282,129
95325b032819e141f2ca0ac326da6eb6b892f2b522a472eb037e2afed471d6f6,bc1q43727w99qpg58ykswgzvfth7skvaagd9l03ppp,bc1qgkpp78ve2d7hq2lrh88akjk6z6umg7fmg457sk,2.46219001,0,0.9745728636831282,130
2e846041c1a51d7416e7972a0023a18154902a9749879677f0ccad908a57293d,bc1q8d6cluyekc57d5vx58y6dr5uzt9fq5kzpx2k4x,bc1q89nxvsrvlwaam9eywggrphn69npgnvhru4m3fc,0.44908385,0,0.9743645763875145,131
829e76b447e10956a2853c8c81bdbcfad46a1e9628ebf3d1bafb600e347d6f3c,bc1q43727w99qpg58ykswgzvfth7skvaagd9l03ppp,bc1qhsf3978xnshqj6s3hrl9nzh8ew0tv05g2f7hdl,3.13389858,0,0.9743392614505941,132
3c556b6182c9c1a3d04d59100d3edee2d7bbf4fa620be09cf9d6172fb3b9d4b2,bc1q68rfchstry5h4x05sr382mpz4e8cmky93fm7wg,bc1qr9frqw7a8kamz2ncpawqst4gtdn9vf6apcdyuh,0.29339559,1,0.9743249613517608,133
6e0655689c559332a3aa5d5e9698c52bdefb0abd6000a6d8f13d96b0d6711ab5,bc1qu8mvqszp8rnzv8tudd3es207hzcw9cv0mmr7f3,1EdgM2Svuhg83A3YukwMPR3nsrB6zi41Ao,0.27984462,0,0.9743059741488119,134
e9d9ed0a6d9a59599d8c55e2d959298fccf4034468fcb5a104d422704b9bb9cf,bc1q8d6cluyekc57d5vx58y6dr5uzt9fq5kzpx2k4x,1GAfimnjEZgUqiie2NZbbWxBuFJdC9dFNt,0.55893078,0,0.9742788486949485,135
483b709817876aea9df3bc25728603642007a244aa5d19e1720098672716576a,bc1q8d6cluyekc57d5vx58y6dr5uzt9fq5kzpx2k4x,1GAfimnjEZgUqiie2NZbbWxBuFJdC9dFNt,0.55893079,0,0.9742788486949485,136
b4d64ea1a9f43763439fb3aab7cb654a4872606aae1ee32de5d04507d3b39309,bc1q43727w99qpg58ykswgzvfth7skvaagd9l03ppp,bc1q0zcpa47m4y05h2yd88uxwf5ffw4sd5gaamhqmk,0.48686337,1,0.9741227051140477,137
4960e0ed5cf09cb008815aadbf6d5589b5898c4d21475ea359276fc3a2d9666e,bc1q8d6cluyekc57d5vx58y6dr5uzt9fq5kzpx2k4x,bc1qnkhvldf404eqgq430qtxf39w7t0g6rcmmkf24u,0.24264368,0,0.9741174347925599,138
2fb2a8b5c6d0229e3913b201244f25c32c061cd91d3ce922251b122ec9a40bdf,bc1q8d6cluyekc57d5vx58y6dr5uzt9fq5kzpx2k4x,bc1pk3wwyunkq6gts6m8qutw6aef4addwge2j2h3hmhp69fzcw8em4gqay3w8j,1.45104462,1,0.9740385742689622,139
c6aa9929cfc4c5b62e877d88fc6e73241c52e594c14629cbe744e49c96b3a4ed,bc1qu8mvqszp8rnzv8tudd3es207hzcw9cv0mmr7f3,1GqfipoMmAVgNRYGnvXxVek7jxyXvy3N23,0.95477252,1,0.9740125205543748,140
79053cb2f51516707233739f1a3a317761463228ec4826a3380a793e8703d635,bc1qu8mvqszp8rnzv8tudd3es207hzcw9cv0mmr7f3,17T7a7EuPvzKmVEujBnyuhoaobbza1Tmmk,0.95770577,1,0.9740125205543748,141
94ae2718444e9a5f4be9aab8da265136dafee79baf8383cca466cc4a6f00208a,bc1qvwz9yk02z5t4zxl4nj39wkegemtfppqnutuldm,bc1qx8wz2d4skyn4z0yze4mqtgxdy4wxj7w8eh8m7q,0.3,1,0.9739466320219813,142
7a3bda0ee8c77534425edce17f67efa3d0d68b108d75cfe0c2365d45efa4fa92,bc1qvwz9yk02z5t4zxl4nj39wkegemtfppqnutuldm,bc1qml9esfld65kprgxqfvw6judkry8d5q9z63w2nc,0.3,1,0.9739466320219813,143
a50288d3d0aa242bf3ca6deb828b032c544bc30d745b4ffd8455c0aa18913573,bc1qu8mvqszp8rnzv8tudd3es207hzcw9cv0mmr7f3,1AUAge6GJdbiSpQSfhN1dgBxG8oJHrtR45,0.85584763,1,0.9738924769506002,144
0baef3e3adf0aac05d15ee3c56aba469a817120782a0e9237bee40f4e2ac6c98,bc1q8d6cluyekc57d5vx58y6dr5uzt9fq5kzpx2k4x,1EdgM2Svuhg83A3YukwMPR3nsrB6zi41Ao,0.61460044,0,0.973841230848748,145
e2f06311ba1fb7c7acc06056a3e5c6173008aa73bdcd1908e77e34d9f24956e0,bc1qu8mvqszp8rnzv8tudd3es207hzcw9cv0mmr7f3,18UkJULuqX2yZLeigrfrQ84SJbYHLyxECW,2.65880283,0,0.9737536873485689,146
8281500feae7b3f1f69d0c53d519c05565bd8049fa980c66748dd0c50d9b6344,bc1qa0pkfxfcyzmhgfz5mvpk45p2tpctk7sm3mkyzx,18n1mjbrZdPBr1yT89m9b6jLhCZMrtjX1e,0.95402465,1,0.9737529094725502,147
fc7b6a83edcfa1c481acd144ea7dd8b4c84d3083797725b40ef3dcd75e2190f9,bc1qu8mvqszp8rnzv8tudd3es207hzcw9cv0mmr7f3,18UkJULuqX2yZLeigrfrQ84SJbYHLyxECW,3.29071917,0,0.9737232601272348,148
29fecb6022b5b99cd54db0bbea2a00f38120d81335880cd4136a99b2a6c878f6,bc1qqpq4yrakqcfcr92l5ljygw2gx2kg9z7rw3874z,bc1p3f34a7tqy94dwtkuz05kw9x8csvgthqgcq0q65vs09y0ahzju97stjd4ze,4.50290677,1,0.9737232601272348,149
df134b79ffa0b12ff31dfa029d528c13b0060ce09360d95d18e9f3bf88568820,bc1q43727w99qpg58ykswgzvfth7skvaagd9l03ppp,bc1q2hkl2r8kg08wg8al8xgmf9f6sxu0ttp65mqkxl,0.89693715,0,0.9737138215246673,150
2f5164d424e049b36fca133cf2786f5d08d458cbce49e8c9806aa445445f19ea,bc1q43727w99qpg58ykswgzvfth7skvaagd9l03ppp,1GAfimnjEZgUqiie2NZbbWxBuFJdC9dFNt,1.52015723,0,0.9736454530178007,151
ea3812d490e263fefd15f3d42ef4389e1f7a480553bfbb2511bc245a03a102dd,bc1qvwz9yk02z5t4zxl4nj39wkegemtfppqnutuldm,bc1qgvu3s3an76hn3fjas42j56062zsjzl2ykuqf7w,0.4,1,0.9736241005852869,152
9a35ddbea70cc3111ed1826f08174efcb3ea5d71f735ff63d471614ba38c2a2b,bc1q8d6cluyekc57d5vx58y6dr5uzt9fq5kzpx2k4x,bc1ptq2ljtlekpu3upsjzrcxusvfh0va4tnflpl4e70mm690y949prqqwg0a2t,3.33086496,1,0.9736104796046087,153
d23b8da6bd02cf3bb7fb0af7030d70cd6d346709a92462c957789af6ee7bd0c9,bc1q8d6cluyekc57d5vx58y6dr5uzt9fq5kzpx2k4x,1EdgM2Svuhg83A3YukwMPR3nsrB6zi41Ao,0.61682641,0,0.9735921073189968,154
ae2b42274c1dc04ea0fb996d97252d5c20ab8714bf0be3867226488e179e3e80,bc1q8d6cluyekc57d5vx58y6dr5uzt9fq5kzpx2k4x,1EdgM2Svuhg83A3YukwMPR3nsrB6zi41Ao,0.6269439,0,0.9735753149898915,155
42e24df9dc9657f791d3b530990d3eca1cf518c80b147abbce293483221c65c2,bc1q8d6cluyekc57d5vx58y6dr5uzt9fq5kzpx2k4x,1EdgM2Svuhg83A3YukwMPR3nsrB6zi41Ao,0.64008268,0,0.9735753149898915,156
40a5f6fe7a52dd248d983800d91a4abc6a40c88b889f74b5224adf25743b7e61,bc1qe5z0yewc4yperc9udzv4mk2fu0tkzz02txykqd,bc1qgcsznmgxnvnnpz8n3zpr2a3lu4jnhzw9dxlc2e,0.40390951,1,0.9735695327748662,157
6a668ca67258d9cf81cb3919820380583473257332c2b45249debee5a1799aa5,bc1qguaund6dh2sxslzxcpy47nn4q76rqfcg0q4py4,1EdgM2Svuhg83A3YukwMPR3nsrB6zi41Ao,0.33839287,0,0.9735683427998885,158
a3186fc80915e5a890769883fb8bfb7c4039aefb3da9b48e4fed1f92d106f849,bc1q8d6cluyekc57d5vx58y6dr5uzt9fq5kzpx2k4x,1EdgM2Svuhg83A3YukwMPR3nsrB6zi41Ao,0.41404508,0,0.973543241862796,159
732722c397469e903e4a0988f66da903b296bc593274895610f924c026de9e56,bc1q8d6cluyekc57d5vx58y6dr5uzt9fq5kzpx2k4x,1EdgM2Svuhg83A3YukwMPR3nsrB6zi41Ao,0.65163082,0,0.9735164011212126,160
69a0657c827bf1b9907de3cde47f7cae47700563e0df4385e598b44a2e03c70e,bc1qgrn30jql9q5pkg95zf9qy48tndhlxdg0x682mp,1GAfimnjEZgUqiie2NZbbWxBuFJdC9dFNt,1.44906605,0,0.9734995633441065,161
7e542effbf7941ca8660f3db73e0017b476f21bea704d3aa69d5c5cf6da19b6c,bc1q43727w99qpg58ykswgzvfth7skvaagd9l03ppp,bc1qvd5ztydvqugra09tlfuy99wsgwkrjwnzgnh4am,1.33035753,0,0.9734897099741314,162
34580d337842e48b448428e44c6bc547c6b1e5fdb6b671494e34b2c17c0f5339,bc1qsgjxk8jd0qmerxjq09jl0evxxws9s3fl295xag,bc1qn0cxa6lhj9fednw8vt26097w8z3kwmmj3z3mgd,0.5,1,0.9733409043284036,163
e821c640450a5d6d1cdf3320baf1927e115bc71584a395228929660e9f923682,bc1qa0pkfxfcyzmhgfz5mvpk45p2tpctk7sm3mkyzx,1EdgM2Svuhg83A3YukwMPR3nsrB6zi41Ao,0.50824139,0,0.9731680524057288,164
e526ccaaa50a44430fd7b993beade2e26cbb2c3510f71f8ff272257c3544a5ff,bc1qgrn30jql9q5pkg95zf9qy48tndhlxdg0x682mp,1DAg1TpAbY1DuexViGo3dJX441jj32aX7f,6.22393553,1,0.9731443943355891,165
b3a47d995ef5792c935eb6d6e9881e22483636a2263f0ef7371e2bbd42fe2316,bc1q8d6cluyekc57d5vx58y6dr5uzt9fq5kzpx2k4x,1EdgM2Svuhg83A3YukwMPR3nsrB6zi41Ao,0.63787079,0,0.9730922255870067,166
9ad8519972463e57528ce6e21214f47140a677a88f902bf62da77e78bffcc59f,bc1q8d6cluyekc57d5vx58y6dr5uzt9fq5kzpx2k4x,bc1qesrvsn8g7ln6rmtru5kmuve4cma37r9gsrd78w,0.65478423,0,0.9730333117183279,167
9c4781ec3fb9caddb4781497ef00d87cf9d21e91d5fcfb2b7de43b8a07cab6e7,bc1q8d6cluyekc57d5vx58y6dr5uzt9fq5kzpx2k4x,bc1qesrvsn8g7ln6rmtru5kmuve4cma37r9gsrd78w,0.65128887,0,0.9730333117183279,168
a1349226541c3f0950f47bc1253f4dcfe8f4172d6bd6c521c82e3d84b8fb97b7,bc1q8d6cluyekc57d5vx58y6dr5uzt9fq5kzpx2k4x,bc1qesrvsn8g7ln6rmtru5kmuve4cma37r9gsrd78w,0.65198886,0,0.9730333117183279,169
807e9b10f9bd45057e66154817001e2e9c1ec9f90ca34ee7f38cca0d69e01ee1,bc1qu8mvqszp8rnzv8tudd3es207hzcw9cv0mmr7f3,1EdgM2Svuhg83A3YukwMPR3nsrB6zi41Ao,0.60956417,0,0.9730014187775952,170
cbc410b3e0e10978ca9f20ba0bbf31fc664edf83de10b480d8bb3809ad180b2e,bc1qu8mvqszp8rnzv8tudd3es207hzcw9cv0mmr7f3,1EdgM2Svuhg83A3YukwMPR3nsrB6zi41Ao,0.61301178,0,0.9730014187775952,171
72d6a7f733d87f0d6b6e5ac3362b55e4074a9698b4b417f5389ac88d1fe46703,bc1qerh7lhrs3fgsg7j28y7k2z9rfwmw0ucd9lk7mq,1EdgM2Svuhg83A3YukwMPR3nsrB6zi41Ao,0.3601719,0,0.972988460504065,172
c4cc0fbf0f26b0f1e9bb9a8e3f5a95fb855ed4cd0e7516d4058d6d08d3902dbb,bc1qguaund6dh2sxslzxcpy47nn4q76rqfcg0q4py4,1EdgM2Svuhg83A3YukwMPR3nsrB6zi41Ao,0.66008862,0,0.9729008317622626,173
7490ba6b884c9fd7499f5ac44a13dca670fcaabaa4b84991ea824b37b5d1ec86,bc1qqpq4yrakqcfcr92l5ljygw2gx2kg9z7rw3874z,1EdgM2Svuhg83A3YukwMPR3nsrB6zi41Ao,0.61652273,0,0.972868169735727,174
8e877e18e5dca16528c90243591ab51e165089d61648be566777c5cdfca7d429,bc1q4qr9dd4p36lgqcfs99x3dhr965qzkkndgxczqf,bc1qjy8lqhu447ut8fvmgn4kk4n5kmgdy4tpxf5xv7,0.01778619,1,0.9728399845551601,175
eb98c24ecd228e1b2fe5458f8a210be96b46f907c3b3fe9b4f9ee2d103f1c8d0,bc1qvwz9yk02z5t4zxl4nj39wkegemtfppqnutuldm,bc1qdn8ucskan0j69wjptxx57zj93xg89lq5tmyvls,0.5,1,0.9728174379353126,176
2dfde71a2bb246ea4cfee7074d385fd4a437eefedc4a544084751bd929f360e3,bc1q4cjjpm75dyvzaskplnuqp0w6tmsrz0avx2kunq,bc1q2r20r6lgdtl73j0gnmv8fhr6yysfqpvadsfw65,0.5,0,0.9727859497376238,177
b513baa480ff35e7b975dad522afc974c1c3a5a3c731263073f287bd3910c367,bc1qerh7lhrs3fgsg7j28y7k2z9rfwmw0ucd9lk7mq,1EdgM2Svuhg83A3YukwMPR3nsrB6zi41Ao,0.65355306,0,0.9727099815744745,178
abad9e57f8e2123f4083870df97e56e1c4413260424fe5352b0d63be161c1e7b,bc1q8d6cluyekc57d5vx58y6dr5uzt9fq5kzpx2k4x,bc1qyq3f0ajpfx709aduhm4l9es20qk6p9373zljhd,2.46322406,0,0.9726849397643653,179
48231cf942a77f4cdf4a82b6aa6864885b230920a5bdf85b8e41d36984c7e422,bc1qr8jmdpuakazvlderyggfp7mp975qhqgrc9ewqa,bc1qr9frqw7a8kamz2ncpawqst4gtdn9vf6apcdyuh,0.257761,1,0.9726507492785481,180
14c7c36d7c81b34c1a8823b7163d71b202a652f1255fe944ad5c76974b294072,bc1qvwz9yk02z5t4zxl4nj39wkegemtfppqnutuldm,bc1q4ngm7ha8fz4luls0q764m4mg5wvkf6q2ytxsng,0.2,1,0.9726432193347394,181
3b907d56184b2855693799cfffb77237f93e088b2cd929b922ce6f0b4f0770d9,bc1qu8mvqszp8rnzv8tudd3es207hzcw9cv0mmr7f3,1EdgM2Svuhg83A3YukwMPR3nsrB6zi41Ao,0.62535523,0,0.9725758246596088,182
71077d4f59e9de36055e601941e582eaf96b166823995966a7f6757cd7303065,bc1qu8mvqszp8rnzv8tudd3es207hzcw9cv0mmr7f3,1EdgM2Svuhg83A3YukwMPR3nsrB6zi41Ao,0.62512779,0,0.9725758246596088,183
4aa5b679d0452d9fc897ffb268eb79eb5649048b3dcfcc734295c966353eb90d,bc1qa0pkfxfcyzmhgfz5mvpk45p2tpctk7sm3mkyzx,1EdgM2Svuhg83A3YukwMPR3nsrB6zi41Ao,0.60225699,0,0.9725478431175942,184
597a8744bade048d0aa9ed4efcf0c7a6baa9cb4787021516fbf0089914bd706b,bc1q2r20r6lgdtl73j0gnmv8fhr6yysfqpvadsfw65,1EdgM2Svuhg83A3YukwMPR3nsrB6zi41Ao,0.61307331,0,0.9723641266556784,185
fabcb91466f0c4ffb15e1dc917887a5f21c7d0fafdbf23edf520d0e0522f9c8e,bc1qu8mvqszp8rnzv8tudd3es207hzcw9cv0mmr7f3,1EdgM2Svuhg83A3YukwMPR3nsrB6zi41Ao,0.36072265,0,0.9723223020352306,186
428ee9196b89cf93f63f74ff2e967673aec5a2e047ce73c446021060a8f7aa6b,bc1qguaund6dh2sxslzxcpy47nn4q76rqfcg0q4py4,1EdgM2Svuhg83A3YukwMPR3nsrB6zi41Ao,0.63529555,0,0.9722768089981635,187
e44f3e63f0d964264b0363cc1b67400cb2e1d2d6aa7136f9e64629221d386219,bc1qu8mvqszp8rnzv8tudd3es207hzcw9cv0mmr7f3,bc1qsfhdhr5d09zt0zvvwtfm4dyayhcefg8ezxv48m,0.60964864,1,0.9722428810558388,188
42714410d0ced023550fd964d563bf3fda728187e4b442a088b0589849e50167,bc1qguaund6dh2sxslzxcpy47nn4q76rqfcg0q4py4,1EdgM2Svuhg83A3YukwMPR3nsrB6zi41Ao,0.61179162,0,0.9722306692208983,189
029059a50ea80a6dce239b162a2fff81b802bf063cc48919215e17f2491e544d,bc1q43727w99qpg58ykswgzvfth7skvaagd9l03ppp,1EdgM2Svuhg83A3YukwMPR3nsrB6zi41Ao,0.6153836,0,0.9722306692208983,190
f280e28826f1da2ff8cee7b28376833dd77e31c7ad9e517434bbd0b8d57ed498,bc1qr93xxejr8gdd4ta2scyll5tlxl4ked9030nv3d,bc1qr9frqw7a8kamz2ncpawqst4gtdn9vf6apcdyuh,0.32771161,1,0.9721510562733294,191
36ad5e590e9ffee947bbc1de38eb61b482c88015342477c4c6b247f45c384122,bc1qgrn30jql9q5pkg95zf9qy48tndhlxdg0x682mp,1EdgM2Svuhg83A3YukwMPR3nsrB6zi41Ao,0.64834183,0,0.9720572786864717,192
db8568b94c810ae3a17af30816325cde45267945853f15eb658703c455e573f5,bc1q8d6cluyekc57d5vx58y6dr5uzt9fq5kzpx2k4x,bc1qesrvsn8g7ln6rmtru5kmuve4cma37r9gsrd78w,0.64978063,0,0.9720170953902832,193
7ac5f210bd0a81afa4ebd815cc1b1a637d62bb875441707c8d5b443a39fa93eb,bc1qu8mvqszp8rnzv8tudd3es207hzcw9cv0mmr7f3,1EdgM2Svuhg83A3YukwMPR3nsrB6zi41Ao,0.6219076,0,0.9720017571733363,194
e57147226fe1c8da943ee3a93495f411399b3f462c143d1fa45ed0d79afc3d8b,bc1qu8mvqszp8rnzv8tudd3es207hzcw9cv0mmr7f3,1EdgM2Svuhg83A3YukwMPR3nsrB6zi41Ao,0.62126627,0,0.9720017571733363,195
4f2157356e95bd34bdaf61ed484a08a3fb650605abcb1257c09017a9c37f49d2,bc1qguaund6dh2sxslzxcpy47nn4q76rqfcg0q4py4,1EdgM2Svuhg83A3YukwMPR3nsrB6zi41Ao,0.62413509,0,0.971981545691147,196
41d3535926d24e0d3468032fecb01db382ee66ec03425a4134e36a2cbd77aec5,bc1qgrn30jql9q5pkg95zf9qy48tndhlxdg0x682mp,1EdgM2Svuhg83A3YukwMPR3nsrB6zi41Ao,0.62552733,0,0.971981545691147,197
4d111498bc007b992b839043b22cc4c6364609e72422bac95ec2362b53046f6a,bc1qguaund6dh2sxslzxcpy47nn4q76rqfcg0q4py4,1EdgM2Svuhg83A3YukwMPR3nsrB6zi41Ao,0.60830791,0,0.9719220133571674,198
2d65aa88b7eea6a141ba9b63875341d0b93da7003c53d0e7e2c8a089adf1bbe9,bc1qlzq4wep5u4zn6d64u07gsecdwvseqltkpxd2z7,1EdgM2Svuhg83A3YukwMPR3nsrB6zi41Ao,0.62541676,0,0.9718172869378522,199
770280da03852e57062fae1be22359d6db64cf6c4fc1629dd03010173ee2f027,bc1q8d6cluyekc57d5vx58y6dr5uzt9fq5kzpx2k4x,bc1qesrvsn8g7ln6rmtru5kmuve4cma37r9gsrd78w,0.65698864,0,0.9717787994804605,200
a5487b1b7a8c074b435996f6b7a440b79f94b0601d26ac6ba75c73fe5ee8764f,bc1q8d6cluyekc57d5vx58y6dr5uzt9fq5kzpx2k4x,1EdgM2Svuhg83A3YukwMPR3nsrB6zi41Ao,0.66620029,0,0.9717787994804605,201
56f0b397ffc059c372e86851c3f64179b7d85c58f44fb570da1e1ecf26233597,bc1qu8mvqszp8rnzv8tudd3es207hzcw9cv0mmr7f3,1EdgM2Svuhg83A3YukwMPR3nsrB6zi41Ao,0.62916649,0,0.9717526127837651,202
72fe88b662cb6dc6b8b70f4b4c5d7d0e232499f450d75e77f26571b33516aed9,bc1qu8mvqszp8rnzv8tudd3es207hzcw9cv0mmr7f3,1EdgM2Svuhg83A3YukwMPR3nsrB6zi41Ao,0.63747124,0,0.9717526127837651,203
01698913c9ebc75a902648a860f22477dd605448bb707ae12d858d097cb8cff8,bc1q2r20r6lgdtl73j0gnmv8fhr6yysfqpvadsfw65,1EdgM2Svuhg83A3YukwMPR3nsrB6zi41Ao,0.63893483,0,0.9717526127837651,204
64b26943f1c0de028aa71ae6d1dee30bb508227e891b855e4b2db78d57edfa28,bc1qqpq4yrakqcfcr92l5ljygw2gx2kg9z7rw3874z,1EdgM2Svuhg83A3YukwMPR3nsrB6zi41Ao,0.62886617,0,0.9717526127837651,205
823a78de7da4583070b5e96fa76489c29fd62ec1e4e691f1cee32fc04b84ffba,bc1qqpq4yrakqcfcr92l5ljygw2gx2kg9z7rw3874z,1EdgM2Svuhg83A3YukwMPR3nsrB6zi41Ao,0.63021616,0,0.9717526127837651,206
8e5dba9118f03c0698afdf4b18d3d36f371fffaac4f2238cbbeef750627f30f1,bc1qu8mvqszp8rnzv8tudd3es207hzcw9cv0mmr7f3,1EdgM2Svuhg83A3YukwMPR3nsrB6zi41Ao,0.63769869,0,0.9717526127837651,207
95405244bf033c5ff37c4f731a694fb90c593bc5c4b9166cc1f51107da60072c,bc1qu8mvqszp8rnzv8tudd3es207hzcw9cv0mmr7f3,1EdgM2Svuhg83A3YukwMPR3nsrB6zi41Ao,0.64150998,0,0.9717526127837651,208
06d2f461db562a82d48e83ab761d9779d5265a793670241a3098acbe04f188fc,bc1qu8mvqszp8rnzv8tudd3es207hzcw9cv0mmr7f3,bc1qe5z0yewc4yperc9udzv4mk2fu0tkzz02txykqd,0.40390951,1,0.971695511394697,209
044d1a72d00b705688916e180c3d2f4a624ed72446b30afb555ca006609cd9fd,bc1qu8mvqszp8rnzv8tudd3es207hzcw9cv0mmr7f3,1EdgM2Svuhg83A3YukwMPR3nsrB6zi41Ao,0.65385343,0,0.9716936989150863,210
a55a3ea6b773caa139f21169cd42779f9ae97030d18147e08277bd062a78b3d4,bc1qqpq4yrakqcfcr92l5ljygw2gx2kg9z7rw3874z,bc1qesrvsn8g7ln6rmtru5kmuve4cma37r9gsrd78w,0.65398812,0,0.9716936989150863,211
8352960bfd7022f0ce00eae4c5e19d56ad4170870b08e9e192e3149154da6c14,bc1q2r20r6lgdtl73j0gnmv8fhr6yysfqpvadsfw65,bc1qesrvsn8g7ln6rmtru5kmuve4cma37r9gsrd78w,0.65408812,0,0.9716936989150863,212
673a08786f18843099933021a05c8566909f5369abab6ca5542bc6d707313ea9,bc1qqpq4yrakqcfcr92l5ljygw2gx2kg9z7rw3874z,1EdgM2Svuhg83A3YukwMPR3nsrB6zi41Ao,0.65127828,0,0.9716936989150863,213
eed792696ecb3cd4edb86c5d9d621c133d1a96ed7ef7412d80af11393b3a8e7c,bc1q2r20r6lgdtl73j0gnmv8fhr6yysfqpvadsfw65,bc1qesrvsn8g7ln6rmtru5kmuve4cma37r9gsrd78w,0.65418811,0,0.9716936989150863,214
a01cb34e1efd6db2160b5bf68d3913c91a50914f6364e597354e619189693d73,bc1qqpq4yrakqcfcr92l5ljygw2gx2kg9z7rw3874z,1EdgM2Svuhg83A3YukwMPR3nsrB6zi41Ao,0.65490307,0,0.9716936989150863,215
ca35a18df7d0f6ac69bc1ce4ca5cfd4e391f0366a3387170fb04a604543342e3,bc1qu8mvqszp8rnzv8tudd3es207hzcw9cv0mmr7f3,1EdgM2Svuhg83A3YukwMPR3nsrB6zi41Ao,0.65004215,0,0.9716936989150863,216
f0560d308a4682cfb28fb9c852567576c409bd73430016a34b5d330585576799,bc1qmnsfw8dgdd57nq7js7gp05lhmfwhh6ndrzz9dl,bc1q2zg2hye2axaznmsyvmfckl97suueyzsy4uh25t,1.0,1,0.9716286143425472,217
772103a0454e1d7732cd937b6bcf74b84827bb18a2eb3e55a78cb35f3fd84985,bc1qguaund6dh2sxslzxcpy47nn4q76rqfcg0q4py4,1EdgM2Svuhg83A3YukwMPR3nsrB6zi41Ao,0.62065137,0,0.9715586021250688,218
31c9d517af60837ff63334896d96ed8dd79e019c5b221f4439cd51c5671c2927,bc1qerh7lhrs3fgsg7j28y7k2z9rfwmw0ucd9lk7mq,1EdgM2Svuhg83A3YukwMPR3nsrB6zi41Ao,0.66589651,0,0.9715106057113267,219
4d258408eb1680dc33525a27b82f88684067c26332549380e848c564bc473dbb,bc1q8d6cluyekc57d5vx58y6dr5uzt9fq5kzpx2k4x,bc1qesrvsn8g7ln6rmtru5kmuve4cma37r9gsrd78w,0.67288857,0,0.9715106057113267,220
ca87c60230fa29c75e1e9850a50d991e4e764c439dfcc0fc0aafe5bea92bb5ee,bc1qguaund6dh2sxslzxcpy47nn4q76rqfcg0q4py4,1EdgM2Svuhg83A3YukwMPR3nsrB6zi41Ao,0.6770178,0,0.9715038534829621,221
32519b389a466b7d78596c64d001e24d646f198c298cdf239371efe96977a2f7,bc1qgrn30jql9q5pkg95zf9qy48tndhlxdg0x682mp,bc1qesrvsn8g7ln6rmtru5kmuve4cma37r9gsrd78w,0.64718063,0,0.9714839407915776,222
2a168dde9a83433041426b9a2bb4a2a77e08634beb234e28ca22d3fbf2b90684,bc1q4cjjpm75dyvzaskplnuqp0w6tmsrz0avx2kunq,bc1q2r20r6lgdtl73j0gnmv8fhr6yysfqpvadsfw65,0.5,0,0.9714311001334434,223
cf07c420947943a85ecd586300704f30af74650625ca5d5238fe1ab3a264545a,bc1q6fxj6446h2gr40wtfkzqyfk848gw4q4t8akr2p,bc1qkk72acrsf4cyu3k85f8prvmlep3efz3p5mkhe0,0.509,1,0.9714311001334434,224
6f7ae6a50e160a62533edd2fc4ab245f14832879d03b9f60e93035b2329feb41,bc1q04rf66rzp0k0nrqpwsxxpskawa6e4c26lc350x,bc1qy9mzv7s8vuexn5x35g4a2y6lyxvw9jlnrxx5s5,0.5,1,0.9714311001334434,225
56fdcb31dfaf36f7ba906937aec4b34a0306758f96df3620d87ba7c292527a30,bc1qguaund6dh2sxslzxcpy47nn4q76rqfcg0q4py4,1EdgM2Svuhg83A3YukwMPR3nsrB6zi41Ao,0.64763899,0,0.9713558268136147,226
17083387a953dc2a9af4deee3a9a83b9d3e0378c25ca2f64c894e7a34961b04d,bc1qerh7lhrs3fgsg7j28y7k2z9rfwmw0ucd9lk7mq,1EdgM2Svuhg83A3YukwMPR3nsrB6zi41Ao,0.66361684,0,0.9712957100775758,227
449602ec897e151ea74202678825b3b4de9a39b4e6de4d2012c0232162c63378,bc1qguaund6dh2sxslzxcpy47nn4q76rqfcg0q4py4,1EdgM2Svuhg83A3YukwMPR3nsrB6zi41Ao,0.63776021,0,0.9712536861438333,228
01b1e71b27f0ac09db32ae30ad8c2c2934ba0bc9a73441a199330f8063fcf844,bc1qguaund6dh2sxslzxcpy47nn4q76rqfcg0q4py4,1EdgM2Svuhg83A3YukwMPR3nsrB6zi41Ao,0.65010367,0,0.9711947722751545,229
066e38dee43727599bf18ddf3048e6fc9ae4ce9fc01575ba0fe40f01b1b4a6c5,bc1qguaund6dh2sxslzxcpy47nn4q76rqfcg0q4py4,1EdgM2Svuhg83A3YukwMPR3nsrB6zi41Ao,0.63647855,0,0.9711583338153037,230
a9c3de4f86c05e466b13bc9d17327db94d93c3d95da142c7e90b213311a68a6e,bc1qu8mvqszp8rnzv8tudd3es207hzcw9cv0mmr7f3,1EdgM2Svuhg83A3YukwMPR3nsrB6zi41Ao,0.64981471,0,0.9711196314288136,231
4d456482fdd476feb98d7a9250ee5910ff9b63cb56565d2d37899a4322f3ccb7,bc1qu8mvqszp8rnzv8tudd3es207hzcw9cv0mmr7f3,1EdgM2Svuhg83A3YukwMPR3nsrB6zi41Ao,0.63056384,0,0.9710942357508121,232
cb16951c9743169a9a9ec3930235d512d662583c79754c539bb9a1093f311937,bc1qqpq4yrakqcfcr92l5ljygw2gx2kg9z7rw3874z,1EdgM2Svuhg83A3YukwMPR3nsrB6zi41Ao,0.61787271,0,0.9710941051675834,233
efd583ebb6ee2b2b499266b31f3ce7f0c51edb28e2628cb815b1799ed07c46de,bc1q5wt84jqmpze036anl5cjmwlhctpsslmzxa53rf,bc1qcpnadpp6833c3jlnmjweac7vscaa8svn4jv42g,1.0,1,0.9710736163519283,234
1633a3ad67fecc58428defc69469f29b19bc62927972b7b441bb1e2b50758f6f,bc1qu8mvqszp8rnzv8tudd3es207hzcw9cv0mmr7f3,1EdgM2Svuhg83A3YukwMPR3nsrB6zi41Ao,0.63663867,0,0.9709940750620087,235
0297caa52ba14d344b793b626146d212ea8a44772bfb8775643d6a760bcd9699,bc1qu8mvqszp8rnzv8tudd3es207hzcw9cv0mmr7f3,1EdgM2Svuhg83A3YukwMPR3nsrB6zi41Ao,0.63425105,0,0.9709940750620087,236
e66119b34b8ff961b5ab5bf5acf1b62804876162db8e5990628ad2d4d5ad6176,bc1qu8mvqszp8rnzv8tudd3es207hzcw9cv0mmr7f3,1EdgM2Svuhg83A3YukwMPR3nsrB6zi41Ao,0.65021424,0,0.9709351611933299,237
901d8067baa28d7e8cde9086ea6804e211c2d3c677118ad828b34810dd8b8c15,bc1qu8mvqszp8rnzv8tudd3es207hzcw9cv0mmr7f3,1EdgM2Svuhg83A3YukwMPR3nsrB6zi41Ao,0.65525076,0,0.9709351611933299,238
f2424de06443bff3e8b1b21bfa7351011b3f3f5bdfbe0ba431aea63e86f115ea,bc1qu8mvqszp8rnzv8tudd3es207hzcw9cv0mmr7f3,1EdgM2Svuhg83A3YukwMPR3nsrB6zi41Ao,0.64290729,0,0.9709351611933299,239
657e942065c3e87ac449436ac4572835b732ac8325b887d0d302c100c5506d06,bc1qu8mvqszp8rnzv8tudd3es207hzcw9cv0mmr7f3,1EdgM2Svuhg83A3YukwMPR3nsrB6zi41Ao,0.64898211,0,0.9709351611933299,240
84af0c7c79709aacb685ee3836b7c781bb3b4d6b30ecfd79a9c0a92ff6bab0a1,bc1qu8mvqszp8rnzv8tudd3es207hzcw9cv0mmr7f3,1EdgM2Svuhg83A3YukwMPR3nsrB6zi41Ao,0.64595318,0,0.9709351611933299,241
e2dd8b448df312ec1a4962a6ea925aec1bb8cc5b567f4b1fe40420ea64984f45,bc1qu8mvqszp8rnzv8tudd3es207hzcw9cv0mmr7f3,1EdgM2Svuhg83A3YukwMPR3nsrB6zi41Ao,0.64659452,0,0.9709351611933299,242
00e1553eccdea750152facfe9ce678fc84a0076bdd4153db5caa994f1f38b91f,bc1q2r20r6lgdtl73j0gnmv8fhr6yysfqpvadsfw65,bc1qesrvsn8g7ln6rmtru5kmuve4cma37r9gsrd78w,0.65648414,0,0.9709330672906001,243
2ebce2c0ee3c03b18761112260426c8f39a8a3a378f72993f2e39f28d2af8b06,bc1q2r20r6lgdtl73j0gnmv8fhr6yysfqpvadsfw65,bc1qesrvsn8g7ln6rmtru5kmuve4cma37r9gsrd78w,0.65678904,0,0.9709330672906001,244
a093f83bcad844eb57f9874a708614b9c607a5a49900c09f144e15adf7fa8787,bc1qu8mvqszp8rnzv8tudd3es207hzcw9cv0mmr7f3,1EdgM2Svuhg83A3YukwMPR3nsrB6zi41Ao,0.43882574,0,0.9708956207791057,245
fcfb309fa90c2edb5ca45e948444b2c90691a57757f23ce9b757b3ad75cfad97,bc1qa0pkfxfcyzmhgfz5mvpk45p2tpctk7sm3mkyzx,1EdgM2Svuhg83A3YukwMPR3nsrB6zi41Ao,0.63928737,0,0.9707353902492254,246
e6a8fea7426188cef95eb515f7a1b3db74a538ccf27282c46f27eff6327e9427,bc1qa0pkfxfcyzmhgfz5mvpk45p2tpctk7sm3mkyzx,1EdgM2Svuhg83A3YukwMPR3nsrB6zi41Ao,0.62916987,0,0.9707353902492254,247
7857b3c763fd4dac9ffae060893b05d8aa465dc4ec5bf63159e898e7b8befecd,bc1qguaund6dh2sxslzxcpy47nn4q76rqfcg0q4py4,1EdgM2Svuhg83A3YukwMPR3nsrB6zi41Ao,0.64882199,0,0.9704639054921427,248
e70bb07d03ebaf9e1d7550bf09097c97e4a5fb8205c1f4d5924829c07a2d0c55,bc1qgrn30jql9q5pkg95zf9qy48tndhlxdg0x682mp,bc1qesrvsn8g7ln6rmtru5kmuve4cma37r9gsrd78w,0.64858046,0,0.9704639054921427,249
cefaf46ee02a235fc0520a0614bcd9d3bc28bf66091b10c67aeecf0d15d89eb6,bc1qgrn30jql9q5pkg95zf9qy48tndhlxdg0x682mp,bc1qesrvsn8g7ln6rmtru5kmuve4cma37r9gsrd78w,0.6453843,0,0.9704639054921427,250
45d6726e1c35c62c1ce38eb38a5a3a35839919fcbf50a78c1b1455aea9636a23,bc1qguaund6dh2sxslzxcpy47nn4q76rqfcg0q4py4,1EdgM2Svuhg83A3YukwMPR3nsrB6zi41Ao,0.63299482,0,0.9701776874535979,251
a4c9bd81d5ee4f7d49304237c3dc8cbfcffe245c94bf45b5f527788401662bba,bc1q43727w99qpg58ykswgzvfth7skvaagd9l03ppp,bc1qesrvsn8g7ln6rmtru5kmuve4cma37r9gsrd78w,0.6468883,0,0.9700409619260644,252
60effc6fd3b881b569a1052f6df8599c6ec43b2e9d992e5901c903455711190b,bc1q43727w99qpg58ykswgzvfth7skvaagd9l03ppp,1EdgM2Svuhg83A3YukwMPR3nsrB6zi41Ao,0.65242613,0,0.9700409619260644,253
34889d1494345362d096717f6d6cafc4023dda97711e77eae1b28f02862f12b6,bc1q43727w99qpg58ykswgzvfth7skvaagd9l03ppp,bc1qesrvsn8g7ln6rmtru5kmuve4cma37r9gsrd78w,0.64678831,0,0.9700409619260644,254
858b143eff0683d634f00e74beba415b983e485a7abf5fba25f77c2fa137008d,bc1pfxrjgk7yddqxtuswrd06x479jkkrxw2ywzm5xtsqya7k3fztdt3q6nusme,bc1qgrn30jql9q5pkg95zf9qy48tndhlxdg0x682mp,0.28409077,0,0.9697268709898215,255
f440625da27f8ff375493e8793cb68f84fbaa00b72774ba81ab75d9b893b2a5e,bc1qqdamufnqfkuwa5zmsquczxrg3lvk9e5sz0x798,1MAtrBcau5pdd1VUM7HhMsSCDxXTMhnqD2,0.00165656,1,0.9697123974004243,256
36818f67db943826e665c526f44549e5df7289c1cf2ccc98a8c7b159fd91bcea,bc1qjts3zl4tjw6v96jsynpnagua06dhq75s7d8adu,17CcPp14gDGZDLac63gyprqUuWrTUDWxvs,0.00166245,1,0.9697123974004243,257
8f4deff047a9abe1f61a18b13fd55dcb8cdd5d33497b48ab1c283e86376e62a5,bc1qlzq4wep5u4zn6d64u07gsecdwvseqltkpxd2z7,1EdgM2Svuhg83A3YukwMPR3nsrB6zi41Ao,0.64120961,0,0.9696935419890907,258
d5e8312cf0ea70efc2ea426e7776b458c9315eef4b794645d96ead3031503c34,bc1qguaund6dh2sxslzxcpy47nn4q76rqfcg0q4py4,1EdgM2Svuhg83A3YukwMPR3nsrB6zi41Ao,0.67243299,0,0.9696457665950123,259
fba4acc4b7b2c3f821e8ac71cd304e24daedaa9506bdbc05b597d2f9bb4b3fb8,bc1padzeyc8r4h6qymget2ktl5q5f2ml2fgklapu6gp926m8u3c2txrsp6vzr2,bc1ptzptdnsexn0kszvfff232qv0l69eeurahza9kxjcytw5xw36z2wqvg9gf0,0.00010374,1,0.9695204378689577,260
f7fe562c1c7c464dad1bb6726b202c94b8b9ac2c6a37f9cf2d7df13ef405fc13,bc1qdx2xakyylklum22crczpv4xv3lhmhlyuk5va9c,bc1q8d6cluyekc57d5vx58y6dr5uzt9fq5kzpx2k4x,0.00010486,0,0.9695204378689577,261
418e89de301019ae5efe4e9522bf147349ec9ee8c5df32c1f613ca25f56b88b5,bc1q8d6cluyekc57d5vx58y6dr5uzt9fq5kzpx2k4x,bc1qesrvsn8g7ln6rmtru5kmuve4cma37r9gsrd78w,0.66558816,0,0.969342871771855,262
2e5f3e15a3580b998f9570c0481b99ec426d8efe8f85b69fc734ea132f17e546,bc1q8d6cluyekc57d5vx58y6dr5uzt9fq5kzpx2k4x,bc1qesrvsn8g7ln6rmtru5kmuve4cma37r9gsrd78w,0.66508885,0,0.969342871771855,263
4bd23c91303354e8977d19e892c3dc004ef7017556206cde750a6cc1425fe6dc,bc1q43727w99qpg58ykswgzvfth7skvaagd9l03ppp,bc1qesrvsn8g7ln6rmtru5kmuve4cma37r9gsrd78w,0.65678866,0,0.9692803303015783,264
7c567538101af578be4cbd2c271412322b29f9fae5cfc4e90caba6b127230caa,bc1q43727w99qpg58ykswgzvfth7skvaagd9l03ppp,bc1qesrvsn8g7ln6rmtru5kmuve4cma37r9gsrd78w,0.65658864,0,0.9692803303015783,265
cde68540c5248ed5e9dfae7e078f4225d36ff63d2485e8ef5087ea5aff9b3931,bc1qqpq4yrakqcfcr92l5ljygw2gx2kg9z7rw3874z,bc1qesrvsn8g7ln6rmtru5kmuve4cma37r9gsrd78w,0.66148904,0,0.9692060875421638,266
d844de0f532f4275768cc48e404a7261f0499e99d783d3bd44f2f15f5a32248c,bc1qu8mvqszp8rnzv8tudd3es207hzcw9cv0mmr7f3,1EdgM2Svuhg83A3YukwMPR3nsrB6zi41Ao,0.66619689,0,0.9692060875421638,267
b8e4f53e874c5f467cebdf40d32f9df539cafe9153691f01cd3bfe5d583a9bfc,bc1qn0txqp98z48cqfph5mhlzfkhjlx6ld6e8h7wkz,bc1q8d6cluyekc57d5vx58y6dr5uzt9fq5kzpx2k4x,0.01876,0,0.9690899845551602,268
c3782f30cc8e7cc81a469bd3205816049b124ca73d134d9fd1c397886ed99dcd,bc1qerh7lhrs3fgsg7j28y7k2z9rfwmw0ucd9lk7mq,1EdgM2Svuhg83A3YukwMPR3nsrB6zi41Ao,0.67823996,0,0.9690272455547998,269
d9d5069ab72d5b2e6d8cff84c906c87043e836584992a6f5858935c0e0c81be4,bc1qnz06cv84gr6yld02avwpzd2cvnf5lxhmnuq62z,bc1pw9a63kstgl9p5h3l7rmm3u4pzg0a4vwgz9q0lkh6nrmlv3xzcvlqlftw2l,0.15442961,1,0.968893070486223,270
b757e189d75b7574d0fb19619349fac1c22a957ba0395014d8b63dcd357ca1fd,bc1q8c5faxjsf0ept3cyvuernkgqf3g8eqrrfk5xfr,bc1p2nqf0kz0f7hpupkj27qsqa8kyphu2w2plwrfu939cl3x4feh8h0q4mpvxf,0.5,1,0.9687261234239043,271
462aee2eafd5cf89a3182b16c4e1738a69ab89fa897ac88796cad1cb98e7a37e,bc1qguaund6dh2sxslzxcpy47nn4q76rqfcg0q4py4,1EdgM2Svuhg83A3YukwMPR3nsrB6zi41Ao,0.66244712,0,0.968707160902232,272
44515b7a90fbed336f6a71df4df8d239813d7e4872b3fa8f70316ed76c66c4ef,bc1q8d6cluyekc57d5vx58y6dr5uzt9fq5kzpx2k4x,bc1qesrvsn8g7ln6rmtru5kmuve4cma37r9gsrd78w,0.66478884,0,0.968707160902232,273
8a2d118b37ee5a5486d88a9a9da8ad0505cd552d72fba4b749c08a1f3f1dc089,bc1qcllscm2k4etalhz4ney2xjascqsq89kty77yw9,bc1q7gleallr6su0tfdqy2ctf3ymu5he3m5vu5g0k9,1.0,1,0.9686676357970936,274
f9fdd2556c28d981a9e7311d1af8618e39b227c6641513a357a136063dfcb6ae,bc1qwumavgafjtu2vleyjaaychge4algvsph3p2esv,bc1qxqvayry3jg665l4y62nlxn7wctreejh2r0t5a8,0.08725005,1,0.9686621489887368,275
07f079befa1849ca4a9d91854c27eaa4252ccbed23884302899fee2d0b4c6b18,bc1qu8mvqszp8rnzv8tudd3es207hzcw9cv0mmr7f3,1EdgM2Svuhg83A3YukwMPR3nsrB6zi41Ao,0.66238561,0,0.9686320200558911,276
fc0f92ed0ea12c14566ca8c55a914a62f6811958cd8330bc4d813162111d55d4,bc1qu8mvqszp8rnzv8tudd3es207hzcw9cv0mmr7f3,1EdgM2Svuhg83A3YukwMPR3nsrB6zi41Ao,0.67128144,0,0.968568795420247,277
8b7ffb5483c8f74403efba9141b07f1851847f6666e78ef63693b78273968395,bc1qu8mvqszp8rnzv8tudd3es207hzcw9cv0mmr7f3,1EdgM2Svuhg83A3YukwMPR3nsrB6zi41Ao,0.6625577,0,0.968568795420247,278
c63ab850278bc868fd6e918c8a90939ecc20fa45d2e73ee24161b807e40bf588,bc1qu8mvqszp8rnzv8tudd3es207hzcw9cv0mmr7f3,1EdgM2Svuhg83A3YukwMPR3nsrB6zi41Ao,0.65829664,0,0.9684475498204074,279
fe1c1bed0a7e9005f6146c5f6ad796a1f9dbc474ae89e34c3c631dc2205aaf81,bc1qu8mvqszp8rnzv8tudd3es207hzcw9cv0mmr7f3,1EdgM2Svuhg83A3YukwMPR3nsrB6zi41Ao,0.65893798,0,0.9684475498204074,280
0b59024829c17679042974226834c51044e6dee55dbd3c11680c3c7eb77168e7,bc1qu8mvqszp8rnzv8tudd3es207hzcw9cv0mmr7f3,1EdgM2Svuhg83A3YukwMPR3nsrB6zi41Ao,0.6730287,0,0.9684475498204074,281
d1243652ec787717f078c1c9b448c417c308c358311d98df9b804e30d4e1d98b,bc1qu8mvqszp8rnzv8tudd3es207hzcw9cv0mmr7f3,1EdgM2Svuhg83A3YukwMPR3nsrB6zi41Ao,0.66068524,0,0.9684475498204074,282
58cb495935d9d8df3387d0ee41e7a30a1d52fb3c66894d6904f06876926ded21,bc1qu8mvqszp8rnzv8tudd3es207hzcw9cv0mmr7f3,1EdgM2Svuhg83A3YukwMPR3nsrB6zi41Ao,0.66215815,0,0.9684475498204074,283
f0a773b1752f5a9915bf186775b9f92a362f2480760ad6a515368c58ffbbde2b,bc1qu8mvqszp8rnzv8tudd3es207hzcw9cv0mmr7f3,1EdgM2Svuhg83A3YukwMPR3nsrB6zi41Ao,0.6706401,0,0.9684475498204074,284
8b4d3a34b9a5613bdbc54eeb050ca56c4d8e46b9ef839ee44aea8c34c1b94158,1MgSbjsNnnoPAPNq1Zwy5sd95zbAv1mikK,bc1q43727w99qpg58ykswgzvfth7skvaagd9l03ppp,0.000114,0,0.9682704378689577,285
40a5f6fe7a52dd248d983800d91a4abc6a40c88b889f74b5224adf25743b7e61,bc1qmctc3dyyvsph46se6lgvuj5p9wt23ghjz0e2ga,bc1qgcsznmgxnvnnpz8n3zpr2a3lu4jnhzw9dxlc2e,0.78173707,1,0.9681453225263168,286
24486a6bc74a87f12b121bd82af7193364697c2f657963cf7cf9eaea02a44aa9,bc1pevq90nummxl3tasdymvxec3ecuqqvf2syelqcdnygxre378dj07sft5u8u,bc1p2glu4n3twpkp88cwpzk4cctltj7xnzt77fd4c5xnym5u7fykmkaq8pvaf6,0.00186476,1,0.9680771437256969,287
a6484dfbeab6001f8eb9ef12e6bdc49c60f8c1ad3419357364cbd94b064619d2,bc1pwd308gwy6dxyq8sn6286ayfe9ve8m5q7z6xd3f4p7fu9renxu2sq4h7grs,bc1pevq90nummxl3tasdymvxec3ecuqqvf2syelqcdnygxre378dj07sft5u8u,0.00186698,1,0.9680771437256969,288
e9a433be77c523672177659c5c0dde991ed514f9a734415a90ae0802362ebe67,bc1qguaund6dh2sxslzxcpy47nn4q76rqfcg0q4py4,1EdgM2Svuhg83A3YukwMPR3nsrB6zi41Ao,0.64533828,0,0.9680302001980956,289
3c473f335d4cb50a1de47ff83c0c0c479a8b13c20ac7add926e9f7b8a8e5dc41,bc1q43727w99qpg58ykswgzvfth7skvaagd9l03ppp,bc1qesrvsn8g7ln6rmtru5kmuve4cma37r9gsrd78w,0.6455806,0,0.9680302001980956,290
809d227737d43e9b7557bbd62c17ad58a1b555c736414d4ec001e98e0dc186a2,bc1qctgyfyuwk00gkneqynle4e9k20a0kxhp27caju,bc1q8d6cluyekc57d5vx58y6dr5uzt9fq5kzpx2k4x,0.51599088,0,0.967703350683044,291
0acf73c7fc0f095de36d190dd877b610f5daa7b55ed9a99fc44ca7b30c51232c,bc1qgrn30jql9q5pkg95zf9qy48tndhlxdg0x682mp,bc1qesrvsn8g7ln6rmtru5kmuve4cma37r9gsrd78w,0.66138849,0,0.967615249453371,292
f14c48ea1c2cced7cbaf6177d1e053d1ad8024e8f4ce6f7f62056628bb1ac743,bc1qguaund6dh2sxslzxcpy47nn4q76rqfcg0q4py4,1EdgM2Svuhg83A3YukwMPR3nsrB6zi41Ao,0.65998243,0,0.967615249453371,293
86d2bb32b4a6ea3e87c17cce14be30742fa4e179d577f293c34f363db658fde9,bc1qguaund6dh2sxslzxcpy47nn4q76rqfcg0q4py4,1EdgM2Svuhg83A3YukwMPR3nsrB6zi41Ao,0.67232588,0,0.967615249453371,294
84b03234ff672199f9c3ee578e5531c93e5065ba35575d1523193bb727ef9dde,bc1qhpm0dpan40h9sfusqkgsakd5k445rr3fkgrjv6,bc1q6d5n2r54mc50r4p9gdfyqe574lugj79dktpy4q,0.30620088,1,0.9675688534400331,295
d47604d174db36b8f1a2bd62d0b8c47e361423eb99a440a252108774c2642f07,bc1p98xwu8wedt5kqay22vr2ts7j4h38p0rpz0c56cccej9des0t3rqqz5uyv2,bc1q43727w99qpg58ykswgzvfth7skvaagd9l03ppp,0.225,0,0.9674886054902617,296
353750f4b25a5a62accf20486073f618a8e594eb62839b2313c07308571e8ddd,bc1q04rf66rzp0k0nrqpwsxxpskawa6e4c26lc350x,bc1qv24uerzwyt37ruum4fvnjn9cgdrgvz88n7xjwj,0.22735933,1,0.9672025091918485,297
a7992e53c71033e941333834a000ac55288ea3624daada63077ae9ce5d52f1ce,bc1q98uxa0040ksk8n3th6m4mm7c2hk3cj57hz4fyc,bc1q43727w99qpg58ykswgzvfth7skvaagd9l03ppp,0.03873058,0,0.9671580617643175,298
56458a3e000dd0a6a0430abd7978eda523a07106f720cbb172860305c36fde07,bc1qsrzf0sc8fy6sgwr69myaukfzs2vw44w4hh6dc5,bc1qd2x94e73jxl5jgwm25snejlvcyy6x4tqv6j78g,1.0,1,0.9671225962672184,299
2696aca10407bea72cba8a774bf946e0f0818cec80f5242e8aec27e0d32c3915,bc1qdlep6app0u5jtf2smsm4l6xnju202mdxpxjg7k,bc1qm7gfmjrgml7t89t25770algte8fsttfn0wr5yc,0.14966753,1,0.9670430335452589,300
3045af2cd698f8ef9c03a5a46b53df02b70e8b79862c31f648d159b655b33879,bc1qgrn30jql9q5pkg95zf9qy48tndhlxdg0x682mp,1EdgM2Svuhg83A3YukwMPR3nsrB6zi41Ao,0.66132557,0,0.9669950401652362,301
cdb8f0798749161dd7338a681f65aae12fb59fabfe5cf61538f5a5a8e4168134,bc1qgrn30jql9q5pkg95zf9qy48tndhlxdg0x682mp,bc1qesrvsn8g7ln6rmtru5kmuve4cma37r9gsrd78w,0.66918816,0,0.9669950401652362,302
29cef2b212838c4f9c14a5cd1da47ff08a903a8767eca4ec4af8bc3543507b00,bc1p9mkg0ajfrmcasalt8lfzk5kn955qhpa0rjh7wsqrer4sl785aqpqlq5cls,bc1qgrn30jql9q5pkg95zf9qy48tndhlxdg0x682mp,0.00012,0,0.9669371045356243,303
47ab480f71809498716322e2c05bf22862c45d80a2be88f3c98643f3ad5494f0,bc1q7gurf48ht7tdvhtr3p00cjkynve857plqqd0xz,bc1q2r20r6lgdtl73j0gnmv8fhr6yysfqpvadsfw65,1e-05,0,0.9668916129469781,304
32d64831f142dc838ea93ee89675dc77b4c950cc3a3c9b4cf8fb1063616680ac,bc1q35g690slms0aa8ycx9cujwfyr3pt8k6jj3krp2,bc1qqpq4yrakqcfcr92l5ljygw2gx2kg9z7rw3874z,1e-05,0,0.9668916129469781,305
0821ef216047f9d45a35fe54be2e78546bfb4d474405337d902df2e5a48c7a75,bc1qwm056f7yh256sh5gu93g8e23k6cfjkcgdrmar8,bc1qr2e9um2447wg90se2l5lqvhcevy4pwwwmsn9em,0.15947274,1,0.9668472085897747,306
91e05c1330e98dc3d4f71b17f4115cf3ddbc4ef016cbec83104c208b763105d8,bc1qgrn30jql9q5pkg95zf9qy48tndhlxdg0x682mp,bc1qsx4cxe9rsneuykkv5mtetc4v8tjvy37d9tmu4a,0.18906188,0,0.9668128864557375,307
a078597ebed586e6f32a6455cf3ef75c45b9ff38f9e26e6a9cc6fdc78beb4d5f,bc1qguaund6dh2sxslzxcpy47nn4q76rqfcg0q4py4,1EdgM2Svuhg83A3YukwMPR3nsrB6zi41Ao,0.67479058,0,0.9665913178461939,308
d9d5069ab72d5b2e6d8cff84c906c87043e836584992a6f5858935c0e0c81be4,bc1qnz06cv84gr6yld02avwpzd2cvnf5lxhmnuq62z,bc1pw9a63kstgl9p5h3l7rmm3u4pzg0a4vwgz9q0lkh6nrmlv3xzcvlqlftw2l,0.14580511,1,0.9665805648585816,309
00de974ab7c71a69c67eaadcc62cf86ff8bf3e029f006c90b75d527e24251aa8,bc1q43727w99qpg58ykswgzvfth7skvaagd9l03ppp,1EdgM2Svuhg83A3YukwMPR3nsrB6zi41Ao,0.66759421,0,0.9665720965991579,310
e049a23c0f869be012bc6cb8851b089a185d28607248aa814aa891b11eda523f,bc1qguaund6dh2sxslzxcpy47nn4q76rqfcg0q4py4,1EdgM2Svuhg83A3YukwMPR3nsrB6zi41Ao,0.66116546,0,0.9665720965991579,311
2af86af60eb5e0e6aeede91c4eafa0e22ec24db8172794a1ab1bf8a0a230d539,bc1q43727w99qpg58ykswgzvfth7skvaagd9l03ppp,1EdgM2Svuhg83A3YukwMPR3nsrB6zi41Ao,0.66476956,0,0.9665720965991579,312
0da3a603ca3999479f6ee247251d60ba08b0dc0b399e8a8b1315d5f807cbef4b,bc1qsfy4685jhl9kqppj2k70p7nkksf992je69aw26,bc1qgrn30jql9q5pkg95zf9qy48tndhlxdg0x682mp,0.02058352,0,0.9664755027734948,313
a143059e9c9eacbc67b48001222f45c869a0fefe6954b6603aaa43d50a8458b6,bc1q3e4ecufgm873z6pxtj6jcudyn29c5pznrgr6e4,bc1p2nqf0kz0f7hpupkj27qsqa8kyphu2w2plwrfu939cl3x4feh8h0q4mpvxf,0.5,1,0.9664048105026004,314
3b9a2790e4c3fcb5f2bd027c2e7bf572239c20486937b93a5763e3b4a72a01ca,bc1qu8mvqszp8rnzv8tudd3es207hzcw9cv0mmr7f3,1EdgM2Svuhg83A3YukwMPR3nsrB6zi41Ao,0.67854034,0,0.9663702240698225,315
5ae8e2da7fd04c80f7e315c89013ea53f721b19523cee91a4fe7af436b65b356,bc1qguaund6dh2sxslzxcpy47nn4q76rqfcg0q4py4,1EdgM2Svuhg83A3YukwMPR3nsrB6zi41Ao,0.67002517,0,0.9660280261941833,316
2cb830be074e52b3afe044ad4d5acc1948d0199b9378bcc8d3de988f0bf5d63b,bc1q43727w99qpg58ykswgzvfth7skvaagd9l03ppp,bc1qesrvsn8g7ln6rmtru5kmuve4cma37r9gsrd78w,0.66928817,0,0.9660280261941833,317
cb4f56852a86f2509ed8290914a0b44ce27e89a828965d9aa83775feaa08ab24,bc1qu8mvqszp8rnzv8tudd3es207hzcw9cv0mmr7f3,1EdgM2Svuhg83A3YukwMPR3nsrB6zi41Ao,0.67993766,0,0.9658172414945859,318
a6818dda7f88eda1da20a07960cd61faf606c95e935fd8671c19bb486364977b,bc1qu8mvqszp8rnzv8tudd3es207hzcw9cv0mmr7f3,1EdgM2Svuhg83A3YukwMPR3nsrB6zi41Ao,0.68298355,0,0.9658172414945859,319
63d391980d869db8975a87ca7adac6792c244721a63e1b864b64432ae9caaf95,bc1qu8mvqszp8rnzv8tudd3es207hzcw9cv0mmr7f3,1EdgM2Svuhg83A3YukwMPR3nsrB6zi41Ao,0.67711303,0,0.9656959958947463,320
b93de16bbd4ef025637596d51a5a035e07e01eeccd9c0fd313335411829cdf18,bc1qu8mvqszp8rnzv8tudd3es207hzcw9cv0mmr7f3,1EdgM2Svuhg83A3YukwMPR3nsrB6zi41Ao,0.67472903,0,0.9656959958947463,321
97bf9101d39888cdbaafa1ad15a5056b80abc91ee822a49eaedb31ff94aa49d6,bc1q52fha6nrdxkaw87q4msea6qanhpu08z6s57gpm,bc1p6mffk7ev8lgkae7ja3v4qfexmev7nt9atf72xa6s5mklvtj8pv6sq2ak4d,0.16352909,1,0.9656879034349095,322
54d622a82e3611ce47f979de303e234f92becd0ab21a0ced96d0b3dd9fbabf67,bc1qcfrarau3qjs4eqrd5zpjzay4d2ckqyyrja89ym,bc1qr0ssff992486g6f6mf8vrjj6syea6tehgxce2p,1.0,1,0.9655188634164484,323
94d8ad236939da36471d6643f72ffe7703ccdd394874feea676d025040456535,bc1q6vj8ndm44muvxcq4p0rwtg9k7g5m8z88gp25n8,bc1qxwen2az3wfmg94g55tdkmu0dn4z6w8wllvpvfz,1.0,1,0.9654783447778748,324
6220995fc12e3253c810bf88cf800816c6941276548415644e4955e8f4c66cf4,bc1q0h6fa2lttx40e6r3wnrg4ezqmwtv5wvlr8r4mq,bc1q8d6cluyekc57d5vx58y6dr5uzt9fq5kzpx2k4x,1.0,0,0.9654783447778748,325
76c577b7b54bfba39b11c3430c48cada8b0b83794e7757637332e80606412e30,bc1pvz9ydrpnjnt7q5d6m9k84nfa70xv9y7yls3ywmyu6w3jsjdkllksuefzu3,bc1qgrn30jql9q5pkg95zf9qy48tndhlxdg0x682mp,0.27021989,0,0.9653877212903842,326
d97b682117bcbed37ce3bb6ff8c8bbd03664818a8ebe744ad7e113dfc2b927d7,bc1qu8mvqszp8rnzv8tudd3es207hzcw9cv0mmr7f3,1EdgM2Svuhg83A3YukwMPR3nsrB6zi41Ao,0.2857496,0,0.9652404915994198,327
3cc16c3d4740ece2b91996571b02098465725f31b6a45911ef50179e495d6478,bc1pps7d9fzny9rxy8kqtmt0djuhggludg9aus64hp8zjka65z3hvlfsa8c07h,bc1q2r20r6lgdtl73j0gnmv8fhr6yysfqpvadsfw65,0.2,0,0.9651628605026026,328
e99f7e2fe01c159a98f07dbfc044aeaf61ed1ff9389d0fb705f99ef5194afe49,bc1qgspxjeyklcdw6rjun6vu92ag3z9z6n55jx8wuc,bc1qe028gcpfma2yfnpe5ujje6pnh9sjhuuwq6ymws,0.36340248,1,0.9651421326764019,329
a7c3545e4980c5aa88fb21658af80d6d59e4e6ac2c57438f59206d144b3a5061,bc1qa0pkfxfcyzmhgfz5mvpk45p2tpctk7sm3mkyzx,1EdgM2Svuhg83A3YukwMPR3nsrB6zi41Ao,0.66397429,0,0.9645613348711892,330
a961eeb12750061b1d4039fcb948d0be5dc089eb7df1350da8d1105ab4a9a953,bc1qguaund6dh2sxslzxcpy47nn4q76rqfcg0q4py4,1EdgM2Svuhg83A3YukwMPR3nsrB6zi41Ao,0.65768172,0,0.9645613348711892,331
c60e49fc20bca4011aba952fd8bfeb8b7b3f7b17f3b0c8df212a45fb2cdf7c82,bc1q43727w99qpg58ykswgzvfth7skvaagd9l03ppp,bc1qesrvsn8g7ln6rmtru5kmuve4cma37r9gsrd78w,0.66368807,0,0.9645613348711892,332
fea15d468d33af419dbf946cc7875e1584cb91146306415b4c8ca41803389dd3,bc1qlzq4wep5u4zn6d64u07gsecdwvseqltkpxd2z7,1EdgM2Svuhg83A3YukwMPR3nsrB6zi41Ao,0.66724654,0,0.9645613348711892,333
24afba679feec4f3e2e4aea125b8c16f035fabd14ea099e8efb4d04619de311e,bc1qa0pkfxfcyzmhgfz5mvpk45p2tpctk7sm3mkyzx,1EdgM2Svuhg83A3YukwMPR3nsrB6zi41Ao,0.67450162,0,0.9644943177378754,334
c80ac24c23a1fc20f418e987a7f98a395b4cb56a7da1c4088f5f406bb4a56cae,bc1qpjfrdmmd8udn49ve9yxcpc84lecmfzm69gt84z,bc1ql8pum8fq9ewv3652ejdc9qjluy8atfv4k35f4c,0.00058176,1,0.964353143434045,335
4322ba5702be06bde2dd14b7a80ae029d86a7cbfef28356ad002d5690d2bbc52,bc1ql8pum8fq9ewv3652ejdc9qjluy8atfv4k35f4c,1GPu73s95sXZA2cEbtANoQaF4yhtB9UJ9d,0.00057804,1,0.964353143434045,336
a41dab2fd9f640e87c722dbf96fe2dd022b77091e3d01245dab8cc09dbf86dc6,bc1qguaund6dh2sxslzxcpy47nn4q76rqfcg0q4py4,1EdgM2Svuhg83A3YukwMPR3nsrB6zi41Ao,0.68236862,0,0.9642483755898847,337
16fcec033aaa884f16d413eb03be3f3636f6c8bde6bb88f554909abbcdc3e05f,bc1qn59gknrpyqgfz6d9u6hfk4qd0xr68ndypkxntq,bc1q43727w99qpg58ykswgzvfth7skvaagd9l03ppp,0.2,0,0.9637894682087343,338
a23bcfc4eb759186ebab4bbef225540347c5798af87d7d8fb890aaa2f9518acc,bc1qgrn30jql9q5pkg95zf9qy48tndhlxdg0x682mp,bc1qesrvsn8g7ln6rmtru5kmuve4cma37r9gsrd78w,0.6795652,0,0.9636691182702259,339
3faec854ed7ca16518b1d5b48fc838f9a5e28f813a7b7cd59c14ec3c002398c2,bc1qgrn30jql9q5pkg95zf9qy48tndhlxdg0x682mp,bc1qesrvsn8g7ln6rmtru5kmuve4cma37r9gsrd78w,0.67966518,0,0.9636691182702259,340
6fc7421a1784283e753f66e00b282d8a7c3aace2f7f6e0064caeca62afc18e26,bc1qgrn30jql9q5pkg95zf9qy48tndhlxdg0x682mp,bc1qesrvsn8g7ln6rmtru5kmuve4cma37r9gsrd78w,0.67826516,0,0.9636691182702259,341
385e9dd511ac61f4a25a257fdf86c2406fd59e21e374d0b1797020359bd5c887,bc1qgrn30jql9q5pkg95zf9qy48tndhlxdg0x682mp,bc1qesrvsn8g7ln6rmtru5kmuve4cma37r9gsrd78w,0.68338804,0,0.9636691182702259,342
342427cbd9674461186f75add57d7684bbe6751dab5ebd89fd3089626d3c601a,bc1qgrn30jql9q5pkg95zf9qy48tndhlxdg0x682mp,bc1qesrvsn8g7ln6rmtru5kmuve4cma37r9gsrd78w,0.67866523,0,0.963541004292263,343
6c1049b6847ff7921d45cccbcc9ca8f96aee3931389e03c7c6a6a97faf81ebf9,bc1qgrn30jql9q5pkg95zf9qy48tndhlxdg0x682mp,bc1qesrvsn8g7ln6rmtru5kmuve4cma37r9gsrd78w,0.67886521,0,0.963541004292263,344
2f49d4a8bf25783c7489be748ded92d9458a05e23fd69c99b57823f62bd118f6,bc1pvv5xun65n8c7armazmm7996cgq7sgesu38j9qlsh70f45arg9qvswalen8,1PAtpVq7PoChFou7qo2QzvcixnYQELU25H,0.18000848,1,0.9635079605620638,345
f9fdd2556c28d981a9e7311d1af8618e39b227c6641513a357a136063dfcb6ae,bc1qwumavgafjtu2vleyjaaychge4algvsph3p2esv,bc1qxqvayry3jg665l4y62nlxn7wctreejh2r0t5a8,2.58097097,1,0.9630683077214678,346
4b62f46cb5c2e444cf6562cf0a8daabd6050421db463f2ecc7efb14b0ad20bf3,bc1qgrn30jql9q5pkg95zf9qy48tndhlxdg0x682mp,1EdgM2Svuhg83A3YukwMPR3nsrB6zi41Ao,0.67366905,0,0.9626490829707909,347
cae9691fdd0b91301a0cfe51cd6fea004fd0d8452269351227e729b1b56e3dd8,bc1q43727w99qpg58ykswgzvfth7skvaagd9l03ppp,1EdgM2Svuhg83A3YukwMPR3nsrB6zi41Ao,0.2,0,0.9626267298787191,348
8783c851f525cd77036ac98cc7299a77238ce00702d01ae3f6a0a0778a28de49,bc1ph9gfvvegayt9v6f4zygdjhmvkgw73j0xzqanxxtuf4ysd887v8tq0qvtlk,bc1pvv5xun65n8c7armazmm7996cgq7sgesu38j9qlsh70f45arg9qvswalen8,0.3043,1,0.9623650526477054,349
607b873a34daa4a65a8bce1ea6d166985d6ceb45e5e9d4a93eb1766d059b8023,bc1qeqh3mrljfjd7q8fjzdhwdpvfsmlrsgqm9j8k5n,bc1qj5v8hje8d5gnqajl9mppgrwnhwuy5rlazggxmp,0.5,1,0.9623439849587853,350
e2ec6c40ac07f1936968c9e93448a5c4da2b8f7f5e3e4755f5e01b6105762813,bc1qrdk22n7ty7ssn3xu9juepgp7htq3kyhuh6wa5h,bc1qq2rxmj99j8wrutwjunfcpkglrprh4n5dk2t3tc,0.00146166,1,0.9622690907071175,351
90fd21ef33de0af18bde48e8c5740f802e2b4b1c092455ef05e0303a1619153e,bc1qq2rxmj99j8wrutwjunfcpkglrprh4n5dk2t3tc,bc1pcma0xfkt368ahzv760007r8f8vjq46n4zlsax48d3tph4490lk9qc00dz5,0.00145922,1,0.9622690907071175,352
c1326235368fe96ade607afa806bd9789f698247d7258aa609bc0d381733d402,bc1q43727w99qpg58ykswgzvfth7skvaagd9l03ppp,bc1qesrvsn8g7ln6rmtru5kmuve4cma37r9gsrd78w,0.67858805,0,0.9622261394047126,353
0f5b2af5c54e9b5c41d4fd53194f52419a45216b6bd4d4a688c1d54d2128500e,bc1qguaund6dh2sxslzxcpy47nn4q76rqfcg0q4py4,1EdgM2Svuhg83A3YukwMPR3nsrB6zi41Ao,0.6735089,0,0.9622261394047126,354
8af7efcc8ad79b524b377f6e4de44acdac54c91a82cafd38befa898a666149a3,bc1q43727w99qpg58ykswgzvfth7skvaagd9l03ppp,bc1qesrvsn8g7ln6rmtru5kmuve4cma37r9gsrd78w,0.67866522,0,0.9622261394047126,355
3068732215fac8d49dadc8235a1ea81ddcc5efb320a4a9a9d00669476b5d741f,bc1q43727w99qpg58ykswgzvfth7skvaagd9l03ppp,bc1qesrvsn8g7ln6rmtru5kmuve4cma37r9gsrd78w,0.67816516,0,0.9622261394047126,356
c4083500a8faa64e3a069527231443f015032d07a99b146e16b79d6535609a42,bc1qgrn30jql9q5pkg95zf9qy48tndhlxdg0x682mp,bc1qesrvsn8g7ln6rmtru5kmuve4cma37r9gsrd78w,0.67378891,0,0.9622261394047126,357
4c1af45d452e0135c4802063c966f629a3e09384de8ce4d124742b7461a952bf,bc1q43727w99qpg58ykswgzvfth7skvaagd9l03ppp,bc1qesrvsn8g7ln6rmtru5kmuve4cma37r9gsrd78w,0.6791652,0,0.9622261394047126,358
dcaefe60f1850312f480c3b691bf585aec80833a29484c8fee6f74c04214714b,bc1q43727w99qpg58ykswgzvfth7skvaagd9l03ppp,bc1qesrvsn8g7ln6rmtru5kmuve4cma37r9gsrd78w,0.67796513,0,0.9622261394047126,359
c3f7bec26cac8a8ef723cf83ae35944f84bc1b005001a72918c729f79b4dd067,bc1q43727w99qpg58ykswgzvfth7skvaagd9l03ppp,bc1qesrvsn8g7ln6rmtru5kmuve4cma37r9gsrd78w,0.67966516,0,0.9622261394047126,360
aaa54918d367527f84d82b67fe52e3c489f9b17969193a1712e7878f971b2120,bc1q43727w99qpg58ykswgzvfth7skvaagd9l03ppp,bc1qesrvsn8g7ln6rmtru5kmuve4cma37r9gsrd78w,0.67966519,0,0.9622261394047126,361
c528d20b4e86327912aecafaa5897b82c4b244038a0c58f8c0aa9efeea6ec06f,bc1q43727w99qpg58ykswgzvfth7skvaagd9l03ppp,bc1qesrvsn8g7ln6rmtru5kmuve4cma37r9gsrd78w,0.67796511,0,0.9622261394047126,362
988cd8ffeabfadd90c9a44a249b85f08e44b58baff84e6f65ae516f8802d93fb,bc1q43727w99qpg58ykswgzvfth7skvaagd9l03ppp,bc1qesrvsn8g7ln6rmtru5kmuve4cma37r9gsrd78w,0.67796512,0,0.9622261394047126,363
4d0ab6746cc2118d16852c36d60e769f875dcb69493dd42ac1b1450c426e78c1,bc1q43727w99qpg58ykswgzvfth7skvaagd9l03ppp,bc1qesrvsn8g7ln6rmtru5kmuve4cma37r9gsrd78w,0.67806514,0,0.9622261394047126,364
4e1ce5d919924a9cb12b245fad729fd330ffcee946caec0390ffd6d5c8269768,bc1p6mq9h4apr5hapd7p7d03d3rgvaf52evdm8ad88w2xd9dau2frwaq7uy88r,bc1ptzptdnsexn0kszvfff232qv0l69eeurahza9kxjcytw5xw36z2wqvg9gf0,0.00013934,1,0.9620182012807823,365
a1ddad5f036d6e2dd964314cb53a258f5f8267dec284487430161c04236000c2,bc1qguaund6dh2sxslzxcpy47nn4q76rqfcg0q4py4,bc1q67q30drsdc05u2m2ly5qsgfg0yjhu6uu8hmnar,0.5,0,0.9614655710691768,366
1cc91df72ddd2953e7779f9f4987f1854d98f8c2d9a2558bf8addb91ba1a6334,bc1qu8tkf2sv57ys49twv84mhfj063ue5pvnw4jmvt,bc1qxnh6c5vrkd2gdq7n08zrk7xysgdfekdz4jeu7p,0.30221305,0,0.9612907763961551,367
aeab255b4dc905613943b561afe7611c8b112236024f07730b2899d4862630a9,bc1q43727w99qpg58ykswgzvfth7skvaagd9l03ppp,bc1qesrvsn8g7ln6rmtru5kmuve4cma37r9gsrd78w,0.65083452,0,0.9611778597370937,368
9a57ebbac92b0e3b9bfe5f612028d63a47621c3fc7e6f906c80178ca607bb7de,bc1pkhk2v9c49fcncgzntx3keay8hx92ydzxkg9z4l49m8m2wsqwddrqewudww,bc1ptzptdnsexn0kszvfff232qv0l69eeurahza9kxjcytw5xw36z2wqvg9gf0,0.00015374,1,0.9601928044553855,369
297199f31fe74c4c2e13788d00d2dca2406a10d21b3d93399607c1ffe0d4f616,bc1p6fn2puawes43tcpd7fzc40l0ew7cr4mzpq368nc2gzu8jxhddzrsezvkck,bc1ptzptdnsexn0kszvfff232qv0l69eeurahza9kxjcytw5xw36z2wqvg9gf0,0.00015374,1,0.9601928044553855,370
280c1503f646fd1c1e0f28739d1927f54d130333cae59cd2193151d7b5bc8822,bc1phanetzx3hug0effz2a2x8wug0zrhxxlun98wv6rcy8lrlyxxwadqqzkdgv,bc1ptzptdnsexn0kszvfff232qv0l69eeurahza9kxjcytw5xw36z2wqvg9gf0,0.00015374,1,0.9601928044553855,371
434a76cf275f9ede1c90e63d1d085048a61ef71f47e7989b36b51b1c323a1924,bc1ph9gfvvegayt9v6f4zygdjhmvkgw73j0xzqanxxtuf4ysd887v8tq0qvtlk,bc1pvv5xun65n8c7armazmm7996cgq7sgesu38j9qlsh70f45arg9qvswalen8,0.27812807,1,0.960070763484426,372
b9ec0f5b0ffcdc2b71b10db864914aff5f252ceec1913672e7e18d2f5aa921ec,bc1qa0pkfxfcyzmhgfz5mvpk45p2tpctk7sm3mkyzx,1EdgM2Svuhg83A3YukwMPR3nsrB6zi41Ao,0.68362492,0,0.9595546304826595,373
a7664806576da31b9b66ad062cf9b32a9693b47f23ccebf1574d7fac7ebc1f4f,bc1qerh7lhrs3fgsg7j28y7k2z9rfwmw0ucd9lk7mq,1EdgM2Svuhg83A3YukwMPR3nsrB6zi41Ao,0.69058339,0,0.9595442412542099,374
6dd12b0539f41ddb2008432585f6c866bd6793f35ca6e421846d51324265264a,bc1q8d6cluyekc57d5vx58y6dr5uzt9fq5kzpx2k4x,bc1p0lcmd24gzc4snrjwdpjhrqh0ujwasphujp8q487gmpf60da2xv8qzlzw34,0.73173582,0,0.9593346250960912,375
7bb9f6021d5ced4673071cd9ec4ea583f3277ebccf0d2ce757fe4059da18f561,bc1q8d6cluyekc57d5vx58y6dr5uzt9fq5kzpx2k4x,bc1qypummuyqgqluy42zhjaats3lzllxrun89kehd5,0.7334356,0,0.9593346250960912,376
3465804f4ac336fe9ad90a47f6a9e14533591b5e965f433cafab74993c01c857,bc1qerh7lhrs3fgsg7j28y7k2z9rfwmw0ucd9lk7mq,1EdgM2Svuhg83A3YukwMPR3nsrB6zi41Ao,0.69193343,0,0.9592107660496453,377
8783c851f525cd77036ac98cc7299a77238ce00702d01ae3f6a0a0778a28de49,bc1ph9gfvvegayt9v6f4zygdjhmvkgw73j0xzqanxxtuf4ysd887v8tq0qvtlk,bc1pvv5xun65n8c7armazmm7996cgq7sgesu38j9qlsh70f45arg9qvswalen8,0.2,1,0.959194164949563,378
7e5d59c9019751e1513d8e93680c92822df27776e3156e51a51be68074ef0be7,bc1q8d6cluyekc57d5vx58y6dr5uzt9fq5kzpx2k4x,bc1qesrvsn8g7ln6rmtru5kmuve4cma37r9gsrd78w,0.6853845,0,0.9591247085166468,379
bc9842e3ff9b091cc7d03ffa0969bc306531bcf4f190260159695bec73a06bbc,bc1pvz9ydrpnjnt7q5d6m9k84nfa70xv9y7yls3ywmyu6w3jsjdkllksuefzu3,bc1q8d6cluyekc57d5vx58y6dr5uzt9fq5kzpx2k4x,0.33490946,0,0.9588424349703117,380
449671fa1a660b01ab5eea9d28fa65a52ba5d203b57c31ff4b647cfe00873ecb,3Ek2GAADMbWmvzuP62voWD8bGmPYX2dado,bc1pednjvtt39g5z95awz4qmcncmk99phjf76fhscaqz22h4mpxvy6ksjzw4du,0.29764,1,0.9586721277033683,381
f219f1395909bc9ea4828c379f55fc2bb1546a9d89c85aebf76e3c9d2c8d3044,bc1qguaund6dh2sxslzxcpy47nn4q76rqfcg0q4py4,1EdgM2Svuhg83A3YukwMPR3nsrB6zi41Ao,0.68713498,0,0.9584780369557993,382
763cab8a96a031e03a26791defa2db1ad55c6ab3d3bbc044ccbc77cfad952a13,bc1q8d6cluyekc57d5vx58y6dr5uzt9fq5kzpx2k4x,bc1qesrvsn8g7ln6rmtru5kmuve4cma37r9gsrd78w,0.68637288,0,0.958035209103988,383
16c95dd3dbabd2ed62b138b1f1e9cf658cc4179068a8449caceca5fffa6f1d2a,bc1q8layessythp42vlq7n5jk4w75zdsx2d7afhugm,bc1qxavqmqpm8m2jw6ea6hzc0n7jpgtklt7jqy86gy,0.39933425,0,0.9579626567032469,384
8843d5650167e5c2cc30dbe64b7cdc82c9347196569cecfce94f4aaf7fab4d51,bc1q43727w99qpg58ykswgzvfth7skvaagd9l03ppp,1EdgM2Svuhg83A3YukwMPR3nsrB6zi41Ao,0.40509062,0,0.9578900019806683,385
8db5a913007d4b050c0da4bb297597e0a8c894a73fd85ec82aac7ab8732283d8,bc1qtak5flan50rwdwv6av392nhq73x7jjrgrv34vj,bc1qd59t4y79apxeujdjmw8ql7vygzjt2rlle7esct,0.72336496,1,0.9577077250246258,386
ffa8cae0ddd778cc1d9c859d1ae04390891ca9372aedb80313373b3ac8654afa,bc1qu8mvqszp8rnzv8tudd3es207hzcw9cv0mmr7f3,1EdgM2Svuhg83A3YukwMPR3nsrB6zi41Ao,0.68707245,0,0.9575827150043517,387
bafca041b319990a6cb8ffc7e2a2fe3470fa7e00d0fc94059763861115a448cd,bc1qqpq4yrakqcfcr92l5ljygw2gx2kg9z7rw3874z,1EdgM2Svuhg83A3YukwMPR3nsrB6zi41Ao,0.68830375,0,0.9575797463811802,388
561be86bd641a29ad7619c5be594ea717781cbdf2410f099228c751861693d32,bc1qlzq4wep5u4zn6d64u07gsecdwvseqltkpxd2z7,1EdgM2Svuhg83A3YukwMPR3nsrB6zi41Ao,0.6759603,0,0.9574856820884615,389
42a8780ac292e20130c98fe34c5bab3b6d1dc95db6908af2611258ed169faa5d,bc1q43727w99qpg58ykswgzvfth7skvaagd9l03ppp,1EdgM2Svuhg83A3YukwMPR3nsrB6zi41Ao,0.67631774,0,0.9574856820884615,390
3bf36e9690c4fb2594da3fe954d16ea306171cb837cac1ed00798f0dd4ef2521,bc1qguaund6dh2sxslzxcpy47nn4q76rqfcg0q4py4,1EdgM2Svuhg83A3YukwMPR3nsrB6zi41Ao,0.67958998,0,0.9574856820884615,391
774a0693a9813b65446708191d13bf74f9a4312c4b1460ce80d41b2a61fd1ced,bc1qa0pkfxfcyzmhgfz5mvpk45p2tpctk7sm3mkyzx,1EdgM2Svuhg83A3YukwMPR3nsrB6zi41Ao,0.67490116,0,0.9574856820884615,392
8783c851f525cd77036ac98cc7299a77238ce00702d01ae3f6a0a0778a28de49,bc1ph9gfvvegayt9v6f4zygdjhmvkgw73j0xzqanxxtuf4ysd887v8tq0qvtlk,bc1pvv5xun65n8c7armazmm7996cgq7sgesu38j9qlsh70f45arg9qvswalen8,0.20253004,1,0.957350575853949,393
5ab37fc4f99348000416f0c5c6444c59cac34312ed0100bd238262b3d8b20273,bc1q43727w99qpg58ykswgzvfth7skvaagd9l03ppp,bc1qechhuvpkq4mtuu223q3k5d95vlzs5sm5mnukac,0.3121681,0,0.9572531629730812,394
76c577b7b54bfba39b11c3430c48cada8b0b83794e7757637332e80606412e30,bc1pvz9ydrpnjnt7q5d6m9k84nfa70xv9y7yls3ywmyu6w3jsjdkllksuefzu3,bc1qgrn30jql9q5pkg95zf9qy48tndhlxdg0x682mp,0.33490946,0,0.9569234783528364,395
cae9691fdd0b91301a0cfe51cd6fea004fd0d8452269351227e729b1b56e3dd8,bc1q43727w99qpg58ykswgzvfth7skvaagd9l03ppp,1EdgM2Svuhg83A3YukwMPR3nsrB6zi41Ao,0.22530892,0,0.956892303729502,396
63a74d2a29aab2ede2c6d57e8a915221530244a86107fc6de41cfc404cc7967c,bc1pgpq5ng5fnm9hc7pyd8zu3tql99l6vzus5z70ckld0lhdrmaudh6sajt0z6,bc1qlvlnta9vxfllwfl5cph3cwfkf4fhmakug064u5,0.0001904,1,0.9567208527959338,397
888bd8fe055468db08923a64c4cfb872237f0c7995a3904a6ae7a00c78967cd5,bc1qguaund6dh2sxslzxcpy47nn4q76rqfcg0q4py4,1EdgM2Svuhg83A3YukwMPR3nsrB6zi41Ao,0.68936127,0,0.9564518462660067,398
c157638ef356d5f23d8ec87b8494d148f3245e48f9736787af1189d98560ea4c,bc1qu8mvqszp8rnzv8tudd3es207hzcw9cv0mmr7f3,1EdgM2Svuhg83A3YukwMPR3nsrB6zi41Ao,0.69088379,0,0.9564272366398089,399
03792bef78e4930163feef468e16b39cd2c17373c795a2eaac5b76f0fb094019,bc1qu8mvqszp8rnzv8tudd3es207hzcw9cv0mmr7f3,1EdgM2Svuhg83A3YukwMPR3nsrB6zi41Ao,0.70322725,0,0.9562510747098026,400
ee08fad565a63fcdda490f1086376b214f8dec282798073c193e3785cf198628,bc1q8d6cluyekc57d5vx58y6dr5uzt9fq5kzpx2k4x,bc1qesrvsn8g7ln6rmtru5kmuve4cma37r9gsrd78w,0.70428061,0,0.9562510747098026,401
94178de352ffcb711fac6328fea1002182187e0fba5d768f436881503f67c563,bc1qu8mvqszp8rnzv8tudd3es207hzcw9cv0mmr7f3,1EdgM2Svuhg83A3YukwMPR3nsrB6zi41Ao,0.68945646,0,0.956161269575443,402
40ee7e2e589c1923bde1360e9cb71ed30a58f0cac91d797d1dddd60db5fd0127,bc1qu8mvqszp8rnzv8tudd3es207hzcw9cv0mmr7f3,1EdgM2Svuhg83A3YukwMPR3nsrB6zi41Ao,0.69532702,0,0.9560959881400122,403
72b2abbf6beb6276c8e58d1cad1f54e679e8cdb2926da23fcc0d2941c8d43440,bc1qu8mvqszp8rnzv8tudd3es207hzcw9cv0mmr7f3,1EdgM2Svuhg83A3YukwMPR3nsrB6zi41Ao,0.69835596,0,0.9559772360360992,404
1dcb7d84cdc653146b084619c87201fd72a02dd29f995727f208502dd2f8925d,bc1qvwz9yk02z5t4zxl4nj39wkegemtfppqnutuldm,bc1qxd6usyj42ch65w2d8nl4fdfmp3cvdce7kg22ae,1.0,1,0.9559512470095526,405
8fa2b473c7ad2433a20c9a8bd96ca722623104235838042c2a94fc35ace3840d,bc1q2x6kvykxddq69n0sz5g7r4dx4nfsvj05xqmvft,bc1qrsz4dtzfxx6pknvckdp29e9egw9sd7w5vqznk7,1.0,1,0.9559512470095526,406
ff24910aef39185418c4ad4c6d7cc4dfe01e4d69401afbc2013b851031c5bf41,bc1qu8mvqszp8rnzv8tudd3es207hzcw9cv0mmr7f3,1EdgM2Svuhg83A3YukwMPR3nsrB6zi41Ao,0.70462457,0,0.9559198262100059,407
b7c06599a4ef111a6555f6100dd66ba7136ce486f36dd6147ec5ce6e1ccca4d3,bc1qpadgqwns5fttpkcumgfema8cs6v4tmqwhfcj72,bc1pgpq5ng5fnm9hc7pyd8zu3tql99l6vzus5z70ckld0lhdrmaudh6sajt0z6,0.12921354,1,0.9558968542110636,408
40a5f6fe7a52dd248d983800d91a4abc6a40c88b889f74b5224adf25743b7e61,bc1q4e3tswfcc8p0cnc4sw5eclxveunmdyu6eqwa8e,bc1qgcsznmgxnvnnpz8n3zpr2a3lu4jnhzw9dxlc2e,0.39051024,1,0.9558917602725829,409
21811674b05be00afaf0f370c95262bc44cdbf6a4fab609879f8817fca34cedf,bc1qa0pkfxfcyzmhgfz5mvpk45p2tpctk7sm3mkyzx,1EdgM2Svuhg83A3YukwMPR3nsrB6zi41Ao,0.37944143,0,0.9558062782603314,410
84b03234ff672199f9c3ee578e5531c93e5065ba35575d1523193bb727ef9dde,bc1qnrqlrm7nxk3w30rr9p9w7qt594ldpslac2hnzx,bc1q6d5n2r54mc50r4p9gdfyqe574lugj79dktpy4q,0.6109395,1,0.9556938340103813,411
731cea8ca7b6bc438323d0e444da26ee9441a6a891bc28d3a2e3e00adf583a8b,bc1p9f4adcdy4pq9up0fq5nh4v0ff94cwumr3y2twf56tmzcc3v9c7pquz745y,bc1qgrn30jql9q5pkg95zf9qy48tndhlxdg0x682mp,0.30277577,0,0.9552537935139255,412
830729a2cc9d053bc74c4c6479ef2210dcc66b8de12c0e834fb1856f15ec182b,bc1q78etpvu72pu6y3vxxd8psdvj0x2tht0frgcf7v,bc1qgrn30jql9q5pkg95zf9qy48tndhlxdg0x682mp,0.31548672,0,0.9548813066024552,413
84b03234ff672199f9c3ee578e5531c93e5065ba35575d1523193bb727ef9dde,bc1q0zcpa47m4y05h2yd88uxwf5ffw4sd5gaamhqmk,bc1q6d5n2r54mc50r4p9gdfyqe574lugj79dktpy4q,0.48686337,1,0.9545367535006086,414
731cea8ca7b6bc438323d0e444da26ee9441a6a891bc28d3a2e3e00adf583a8b,bc1p9f4adcdy4pq9up0fq5nh4v0ff94cwumr3y2twf56tmzcc3v9c7pquz745y,bc1qgrn30jql9q5pkg95zf9qy48tndhlxdg0x682mp,0.306191,0,0.9544397751336139,415
858b143eff0683d634f00e74beba415b983e485a7abf5fba25f77c2fa137008d,bc1pfxrjgk7yddqxtuswrd06x479jkkrxw2ywzm5xtsqya7k3fztdt3q6nusme,bc1qgrn30jql9q5pkg95zf9qy48tndhlxdg0x682mp,0.306041,0,0.9544397751336139,416
06fbc226745a62ea299c2f567437ec4550c3f43e844929aea6ec33277f54c32f,bc1qgrn30jql9q5pkg95zf9qy48tndhlxdg0x682mp,bc1qesrvsn8g7ln6rmtru5kmuve4cma37r9gsrd78w,0.20517123,0,0.9544158767326205,417
a80fd25502e06c7739bc89bea3b294363b5292e052446dde7a259544b3004a6e,bc1q78etpvu72pu6y3vxxd8psdvj0x2tht0frgcf7v,bc1q8d6cluyekc57d5vx58y6dr5uzt9fq5kzpx2k4x,0.33155409,0,0.9536484597741152,418
bef63494961675fe4642401c7c6a86514656fa2b5b93d6f7d725223a25d08f39,bc1q78etpvu72pu6y3vxxd8psdvj0x2tht0frgcf7v,bc1q8d6cluyekc57d5vx58y6dr5uzt9fq5kzpx2k4x,0.32619014,0,0.9536484597741152,419
270b6cdd00fc21b00651295e835529be39ffb53de99e65a952ee0f8cb8c2ce4f,bc1q9zy2qett7d06hnvv6rzdml0m62gtxzcjapehsr,bc1qyngv5mph7eczs7wgw9k5w7dhn3wj67lclqquqn,0.44004414,1,0.9536268344442169,420
e091a53c253f9e10cdd276caba95694237a723571ee6c610b9924f9f8d83fc2c,bc1q4cjjpm75dyvzaskplnuqp0w6tmsrz0avx2kunq,bc1q2r20r6lgdtl73j0gnmv8fhr6yysfqpvadsfw65,0.6,0,0.9535840546310871,421
f35f2a43b389014742b786f9fb8eb1fd111ca8c007d6b9e6abc52f80857812f2,bc1q8d6cluyekc57d5vx58y6dr5uzt9fq5kzpx2k4x,bc1qesrvsn8g7ln6rmtru5kmuve4cma37r9gsrd78w,0.25,0,0.9533699208444629,422
b4d14a45c7537e37c9e71d8e7e4731f5fb91a770f8df5f59267dcde152b1d113,bc1qu8mvqszp8rnzv8tudd3es207hzcw9cv0mmr7f3,1EdgM2Svuhg83A3YukwMPR3nsrB6zi41Ao,0.62854879,0,0.9533441243054456,423
b86ca44845638ac4072c2cbc290e2304bc885c07e55a4718563662bae346c6b7,bc1q78etpvu72pu6y3vxxd8psdvj0x2tht0frgcf7v,bc1q43727w99qpg58ykswgzvfth7skvaagd9l03ppp,0.2542886,0,0.9533034519322982,424
ccdce9c3d97eb887862869a208accbc9b2ae92ce4b394e438788a3f68eff7908,bc1q43727w99qpg58ykswgzvfth7skvaagd9l03ppp,1EdgM2Svuhg83A3YukwMPR3nsrB6zi41Ao,0.47533857,0,0.9532691113923297,425
93496695b0e36d703f7dc8a33699645bd9b55c55f2d4b680f82e768cbae512b9,3Ek2GAADMbWmvzuP62voWD8bGmPYX2dado,329GVStzB52cE9s6Pbi2cvFtg8ASfrtocR,0.28644,1,0.9531405089289682,426
dee09ef5cc10b3d62c38cd5a1bd944b1dcd7a8c893b64afdef45a42d065c6722,bc1q43727w99qpg58ykswgzvfth7skvaagd9l03ppp,1EdgM2Svuhg83A3YukwMPR3nsrB6zi41Ao,0.62746861,0,0.9531126927570535,427
ba3d5be9159b46028d6acc525ed1fce66e00b500e48f28e139daf0165556ced9,bc1qgrn30jql9q5pkg95zf9qy48tndhlxdg0x682mp,1EdgM2Svuhg83A3YukwMPR3nsrB6zi41Ao,0.25384035,0,0.9530574458046004,428
e8f5393fcfc09f11b08e814a7752d6782f3ba4512ab882da8701ca2e0430058d,bc1q8d6cluyekc57d5vx58y6dr5uzt9fq5kzpx2k4x,1MxZqPVEtVoPG3aHywFGKKRhhgMFkz1TfG,0.26629167,1,0.9530262702595378,429
e07f00f32c453fad98d0a0203fc0081089e64194e802e5420f1c9910c5fa963e,3558dBVXzYuZW5sxaNAToR5VpUC3QFZnhb,bc1q43727w99qpg58ykswgzvfth7skvaagd9l03ppp,0.3,0,0.9530057455241241,430
9250f03ac773c4c100ed5f43d3dc43de4dcbbb06b4130e328b6aff721d02327c,bc1qxqvayry3jg665l4y62nlxn7wctreejh2r0t5a8,bc1qplmv7qfrancf4x7gtd8p9lmyf8mvw8ahgq4ajt,0.5,1,0.9529922798344838,431
63b3f15cbe47cb36d781fd711230a601e959649a1a69bd896147bdb915146df5,bc1q78etpvu72pu6y3vxxd8psdvj0x2tht0frgcf7v,bc1q8d6cluyekc57d5vx58y6dr5uzt9fq5kzpx2k4x,0.32523232,0,0.952954015329671,432
c20afbe6b5d586013244be63c2eafb21525ab2cc420c0d5f851458b3e4e2c42b,bc1q78etpvu72pu6y3vxxd8psdvj0x2tht0frgcf7v,bc1q43727w99qpg58ykswgzvfth7skvaagd9l03ppp,0.29760901,0,0.952954015329671,433
8673d378f1bb84dabf0d4c42ca7a91f085649acbbbe0b9172a8e897e6a347178,bc1q78etpvu72pu6y3vxxd8psdvj0x2tht0frgcf7v,bc1q43727w99qpg58ykswgzvfth7skvaagd9l03ppp,0.32285993,0,0.952954015329671,434
d81d3e97a9aaeff40c143d47b7e282f62944ce34f91e32479bc6ac8f261af9a0,bc1q78etpvu72pu6y3vxxd8psdvj0x2tht0frgcf7v,bc1qgrn30jql9q5pkg95zf9qy48tndhlxdg0x682mp,0.24866269,0,0.9526607376823069,435
72849f2f0154e98373295b49d26dec11230b0907395fbe90397d0e1fa87f4425,bc1qlzq4wep5u4zn6d64u07gsecdwvseqltkpxd2z7,1EdgM2Svuhg83A3YukwMPR3nsrB6zi41Ao,0.36511498,0,0.9526591258015763,436
327c2c7da4bce4c785edf6fb3dba028209c3a43ae85fad5658a9867d2d8e00f7,bc1qgrn30jql9q5pkg95zf9qy48tndhlxdg0x682mp,bc1pxehhx03xx637f4rlkaa28q8e8w3mrmsqz6jge76n240s7hflldvss8lssh,0.48783814,1,0.9525758848548821,437
8843d5650167e5c2cc30dbe64b7cdc82c9347196569cecfce94f4aaf7fab4d51,bc1q43727w99qpg58ykswgzvfth7skvaagd9l03ppp,1EdgM2Svuhg83A3YukwMPR3nsrB6zi41Ao,0.1792,0,0.9525291374738514,438
f0f7894ffa979e7af653ec6c87b9a6f6f31f5b60986cca52f6a0e69bf893ffd0,bc1qgrn30jql9q5pkg95zf9qy48tndhlxdg0x682mp,bc1qesrvsn8g7ln6rmtru5kmuve4cma37r9gsrd78w,0.49815,0,0.9523654179485861,439
d2bb39a98c3f3aca65723930c9c8b1f61c1935012dc73a484c5f21f3f67ebc2c,bc1qqluke3ykegzr8rcwy3dncwwqwjj2adqpyfv8da,bc1q8d6cluyekc57d5vx58y6dr5uzt9fq5kzpx2k4x,0.25,0,0.952259977000113,440
12f967e549bfa8644fa413152f95c0c02e29a3d3e9d34e20337183cb5bd943b4,bc1qguaund6dh2sxslzxcpy47nn4q76rqfcg0q4py4,1EdgM2Svuhg83A3YukwMPR3nsrB6zi41Ao,0.68477643,0,0.9521474169217385,441
02c441e27993a080a5ab336a87978c5a7fcc6b3c5fffb120be4d6da9447d789e,bc1qa0pkfxfcyzmhgfz5mvpk45p2tpctk7sm3mkyzx,1EdgM2Svuhg83A3YukwMPR3nsrB6zi41Ao,0.57965303,0,0.9520347250534249,442
ab75275d687b66b4ed7ed7b7b59e171ba7a967e34986f8fda675a6cbd0b0c2cb,bc1q43727w99qpg58ykswgzvfth7skvaagd9l03ppp,bc1qesrvsn8g7ln6rmtru5kmuve4cma37r9gsrd78w,0.2058796,0,0.951963021914579,443
e9f5153e4004d62894af3cc597765265ac1f130503f58a2d17c17412fc25f8c8,bc1qgrn30jql9q5pkg95zf9qy48tndhlxdg0x682mp,bc1qesrvsn8g7ln6rmtru5kmuve4cma37r9gsrd78w,0.68608812,0,0.9516491510270135,444
6081be1794de799a509c88649ea480f1ba678846bb9949e5e6141fc33f9454ec,bc1qp8vpvzwl6lgzj2d46y2f4gcquzw0gxwmgjd8ap,bc1qr9frqw7a8kamz2ncpawqst4gtdn9vf6apcdyuh,0.46099282,1,0.9514934791751797,445
8b990aeba3f222842fd0fb61cb041afc676902cf1e424f47b79695ccdedfc726,bc1p6vswdv3n9f2p56r3jxy7q6gf3jxthm3rl29cnzvrnrurjr6xkqeqtnvjq8,bc1qgnlsg9ex2dsznhrsm75f32znzk0h207f4uwng3,0.8817,1,0.951405779333461,446
e2dcfa1d451c6326cf3a6359552e04664baba4fc801cef0685fa5b35fc758d99,bc1quk546yswrn6hphala0pe7y6khg25850aau6gdv,bc1qk0lmg7ct849umh9ut8c30pagxy74zyczymyp7c,0.72255015,1,0.951382411454942,447
8c004021b1b3176cc7ed0796d37402e4d6dcdb5b15f12445aef30f48ab928fbb,bc1qznuscqhzrv5fkkdvggfwswtvv8ep7fvfpl4c9v,bc1q43727w99qpg58ykswgzvfth7skvaagd9l03ppp,0.72369,0,0.951382411454942,448
b75b2b83d9062955dbad705816b96c0d8ebebaf2b672d8ff2af1e72948b2f3ff,bc1qf5zd94m84tuyyryjlkemw5ezfpvad6t3a40l9w,bc1q8d6cluyekc57d5vx58y6dr5uzt9fq5kzpx2k4x,0.5,0,0.9513687763957488,449
b92915ba2b706952b64fe6bdb92e25351ef17e37a0f3a7be3eb648c406f147f9,bc1qadc6ft8k6550245d9l6n4404qva9ppvj2sy4wv0uka2pyssazh7sp0zxem,bc1qxqvayry3jg665l4y62nlxn7wctreejh2r0t5a8,0.49997724,1,0.9512860722529388,450
608cc6b105ea111ff02540af010b7db96f886511285a94f5b356a005050bb6ef,bc1qgrn30jql9q5pkg95zf9qy48tndhlxdg0x682mp,bc1qesrvsn8g7ln6rmtru5kmuve4cma37r9gsrd78w,0.64583993,0,0.9511803561213861,451
391e8ab54f17238562c23e68b130e31af4bc96979127f2be7c28574851250a93,bc1qguaund6dh2sxslzxcpy47nn4q76rqfcg0q4py4,1EdgM2Svuhg83A3YukwMPR3nsrB6zi41Ao,0.68466934,0,0.9510289417388788,452
4c0bbc18f4f6bd6bfb92e6a3decc42f99c5880941e1fb36bec4897247214a1dd,bc1qdk5xmta8t2mne44ydadjlydczl4e97mvc2mg9r,bc1q02lh46799edmy5klxjsz2rey3ey5vaudnaj7m2,1.0,1,0.9506370770392638,453
984fbe1d6a4d72d26a184235bba289f149e844d070cf61657030342c544c7acf,bc1qguaund6dh2sxslzxcpy47nn4q76rqfcg0q4py4,1EdgM2Svuhg83A3YukwMPR3nsrB6zi41Ao,0.68585235,0,0.9506059981728004,454
32b81c578668d7cb228d3590b30bb47749b43a771bbef98f4a1f8465628dc9ab,bc1qgrn30jql9q5pkg95zf9qy48tndhlxdg0x682mp,1EdgM2Svuhg83A3YukwMPR3nsrB6zi41Ao,0.68601251,0,0.9506059981728004,455
e1f2eb4d1945ce593f71651f6fccab7194539c744a62175f252135c82a3aebaa,bc1qu8mvqszp8rnzv8tudd3es207hzcw9cv0mmr7f3,1EdgM2Svuhg83A3YukwMPR3nsrB6zi41Ao,0.6237616,0,0.9506038087773533,456
3257135b114a09950317bb781f0d79053e6c26cfa34ba8f696ea5ce4a184a848,bc1q3n92dqj48t2t8rky462tsls8lla7ul8qsa8vce,329GVStzB52cE9s6Pbi2cvFtg8ASfrtocR,0.00999226,1,0.9505774677486759,457
41c775bd0a1ae3f8fbd9376ea50a12e9d83feb19d6a82855072b4affdb3fbffe,bc1qaf2d2dffqv3ceq5g67sft3s5rej93dvtw88dj6,bc1q3n92dqj48t2t8rky462tsls8lla7ul8qsa8vce,0.0099967,1,0.9505774677486759,458
06fbc226745a62ea299c2f567437ec4550c3f43e844929aea6ec33277f54c32f,bc1qgrn30jql9q5pkg95zf9qy48tndhlxdg0x682mp,bc1qesrvsn8g7ln6rmtru5kmuve4cma37r9gsrd78w,0.42860371,0,0.9504918657810727,459
1bea744d5d605d7aebe6c4d85a76b5993d2d1a17d2857ecca6cbd2ab73cfb1d9,bc1q8d6cluyekc57d5vx58y6dr5uzt9fq5kzpx2k4x,bc1pd9dsm2t6m9akd5mdrl437xz5z67ew082069dw248ncgpkm52lrjsljaswv,6.6949497,1,0.9504607608319211,460
8843d5650167e5c2cc30dbe64b7cdc82c9347196569cecfce94f4aaf7fab4d51,bc1q43727w99qpg58ykswgzvfth7skvaagd9l03ppp,1EdgM2Svuhg83A3YukwMPR3nsrB6zi41Ao,0.1,0,0.9504223536186571,461
115bb6614adb87c37a1190b3e5b0ef53dff6764ea9e68a67c5e319a17431e648,bc1qej7yjgy6zv5ndajxwvckv59hkdf28y9pdu95mj,bc1q9z0udy2v3tc6r0mutpwgh7spv28g3ky5wuq89s,0.44543543,1,0.9501298253703645,462
ac9b0e45d9a50a3155c5aaea14ec3ecacc62b3645a399e2930c9e1efe8cf6258,bc1qgrn30jql9q5pkg95zf9qy48tndhlxdg0x682mp,1EdgM2Svuhg83A3YukwMPR3nsrB6zi41Ao,0.68724461,0,0.94993944232622,463
69ae9f1274a97356f58df982a1555f969b88fbcde17ee23957148f39f766767e,bc1ph9gfvvegayt9v6f4zygdjhmvkgw73j0xzqanxxtuf4ysd887v8tq0qvtlk,bc1pvv5xun65n8c7armazmm7996cgq7sgesu38j9qlsh70f45arg9qvswalen8,0.170015,1,0.9496171208264996,464
5700a2e1ee890a9ad2cd7668c5de22aca30e516d41afcb33335dda0068c57ee0,bc1q2r20r6lgdtl73j0gnmv8fhr6yysfqpvadsfw65,bc1qesrvsn8g7ln6rmtru5kmuve4cma37r9gsrd78w,0.52411812,0,0.949116922086768,465
e5688308cbcfdea060d07aba8b47bd5412b975fa8bd0dee5c4ce564b21c7262d,bc1qgrn30jql9q5pkg95zf9qy48tndhlxdg0x682mp,1GAfimnjEZgUqiie2NZbbWxBuFJdC9dFNt,0.26882677,0,0.9490114418437673,466
63450780aee16ea7bc2caba124b78a1ec11f90c078e1a033680c6c75f92c6fba,bc1qqluke3ykegzr8rcwy3dncwwqwjj2adqpyfv8da,bc1q43727w99qpg58ykswgzvfth7skvaagd9l03ppp,0.25,0,0.9490070653936445,467
ad41fd1c1e290f914f9c3f8ef0d80a81a134bdf653d35a37b2c8544eaaea5088,bc1qvwz9yk02z5t4zxl4nj39wkegemtfppqnutuldm,bc1qyuxagvhkle5m00mxrz6hcgslrvp6j8ckcgyamw,0.5,1,0.9489329488141613,468
b78d7a95bb9ee2bae4baa3621e38186594a497d296f7e1c86620e7c1768736c5,bc1q43727w99qpg58ykswgzvfth7skvaagd9l03ppp,1EdgM2Svuhg83A3YukwMPR3nsrB6zi41Ao,0.28605829,0,0.9488521885968685,469
7e14df5c5232f0090c68db0479dd653352e0be4ce39bb9fe1291997581f3bd9b,bc1ph9gfvvegayt9v6f4zygdjhmvkgw73j0xzqanxxtuf4ysd887v8tq0qvtlk,bc1pvv5xun65n8c7armazmm7996cgq7sgesu38j9qlsh70f45arg9qvswalen8,0.14006252,1,0.9487688464623075,470
512ffcd3f2b3a78165ec9b84c5ae855a5617a68af94d506772ceba5d6082b61a,bc1qgrn30jql9q5pkg95zf9qy48tndhlxdg0x682mp,bc1qesrvsn8g7ln6rmtru5kmuve4cma37r9gsrd78w,0.68858063,0,0.9487071213349089,471
353750f4b25a5a62accf20486073f618a8e594eb62839b2313c07308571e8ddd,bc1q04rf66rzp0k0nrqpwsxxpskawa6e4c26lc350x,bc1qv24uerzwyt37ruum4fvnjn9cgdrgvz88n7xjwj,0.05345,1,0.9486188687532756,472
12c85cd858278f105eebaa633ab97709ed2fcd1c9018172ecc599765d70d6174,bc1pps7d9fzny9rxy8kqtmt0djuhggludg9aus64hp8zjka65z3hvlfsa8c07h,bc1q2r20r6lgdtl73j0gnmv8fhr6yysfqpvadsfw65,0.5,0,0.9485129518108156,473
ab2586bb790874b47a9bc2be04f400da90020eabfcd831b927e73b2c5c821c7f,bc1qquq384neuusrswyn4lypmhn8rdtpvecw6a7ln5,bc1qxfqluqa7uhqyg6et2ecwze6ensehzutqdhgzq86wru937ndfhf4seg3t07,0.16999759,1,0.9483004367996455,474
9fa6b3fbd18a37e22e740be54c3df1416f3c424d33b2efa6fb85760f5546df06,3AM3Nq19iMsDtgfP1EfsX5Y6erocQPdUAo,bc1q43727w99qpg58ykswgzvfth7skvaagd9l03ppp,0.2,0,0.9482915212943565,475
45e1e390aad7861d9e9b9c3d95a7fe3098c8fad6eab8c33b326fefab4bd99444,bc1pqrv8krytlsz05czmswrf49pe0kdtrv2w4a26h2tpdldax3asvhgqcyhum6,15v2BihUAw2MnTejR2fWhmhgbwQ7gzppZk,0.00019778,1,0.9482800417363073,476
76c577b7b54bfba39b11c3430c48cada8b0b83794e7757637332e80606412e30,bc1pvz9ydrpnjnt7q5d6m9k84nfa70xv9y7yls3ywmyu6w3jsjdkllksuefzu3,bc1qgrn30jql9q5pkg95zf9qy48tndhlxdg0x682mp,0.35315779,0,0.9480746268135632,477
0d08a1d6259aafedbc38b7d879c077ad0ff4ab942630cce5784ac9edc2f89445,bc1q8d6cluyekc57d5vx58y6dr5uzt9fq5kzpx2k4x,bc1qesrvsn8g7ln6rmtru5kmuve4cma37r9gsrd78w,0.66428799,0,0.9479420485390087,478
7a420ff8fa6c90d2035f1ece5645f0f7423780610f99335c5a4e71b6a2537c99,bc1qvwz9yk02z5t4zxl4nj39wkegemtfppqnutuldm,bc1q30dqma25t0z4p74u97mu5myvnv0elgcx0e26h9,0.5,1,0.9479033214622367,479
785377f42badcbb649bf5dd09765552f7f0091f1a973ab35995d3da7d43c4ad3,bc1p7f5ts94q5efle4v9sx0xu94glfl24mq4gux2f8wyyyffkas4tkkq0768ru,bc1qqpq4yrakqcfcr92l5ljygw2gx2kg9z7rw3874z,0.5,0,0.9478912821474945,480
b6f8ae8e6e41622f9c705bc7b0de0025cba85bc1b4e542fe9034b597d6582fd7,bc1que77y304x4aegy9dzxpsjrsegzlz3t7fy9rq9c,bc1qp7xgsnt728h00lqd0qhkazyx5y90y6hqeyukte,0.21439108,0,0.9477097386540511,481
fc1b7dccc8bfb60b348181e87d438c1b3bb0d525fe50c2c843f91297a50c0757,bc1qgrn30jql9q5pkg95zf9qy48tndhlxdg0x682mp,bc1qlzq4wep5u4zn6d64u07gsecdwvseqltkpxd2z7,0.13,0,0.9475831579039452,482
8dd3d4e6a68e11ffd32e35554365077fa5bddaa72edba61fe8d1bd7a7a5a7194,bc1q8d6cluyekc57d5vx58y6dr5uzt9fq5kzpx2k4x,bc1qesrvsn8g7ln6rmtru5kmuve4cma37r9gsrd78w,0.6338528,0,0.9475222162676815,483
e3daf183503886c5effadf9e4dd034fd7b011ca2b8677c8046c0b4e7452ad4ed,bc1qh3a5vde8s9e99hha9423ru26ccvfc6umwxwvra,bc1q9aqya3kayph23u84wkzy6qla0ltuyjzwxsdywm,0.475306,1,0.9472822109233168,484
ddbbbc5ce321a4f7c317a7c911db799fc3d43946d773c4586dcde608cede6d58,bc1q8d6cluyekc57d5vx58y6dr5uzt9fq5kzpx2k4x,bc1qngtkgl0pdvfmda22vjap6rl9wsz2zmlxqnekxr,0.18785281,0,0.9470907078042268,485
d557e2636ed2306b27cfdc9f169b102fe2355859cacd587dff9a0e724417e4de,bc1qguaund6dh2sxslzxcpy47nn4q76rqfcg0q4py4,1EdgM2Svuhg83A3YukwMPR3nsrB6zi41Ao,0.50310171,0,0.9470664706506521,486
a745ddce543b8880d0bedd60b98ad8dc652f428e06d664084911a8f5f560b4cc,bc1qu8mvqszp8rnzv8tudd3es207hzcw9cv0mmr7f3,1KuUMCZksxL86g9SZutUFE7U1PBYkTZqXs,0.75807967,1,0.9469501396557526,487
7e14df5c5232f0090c68db0479dd653352e0be4ce39bb9fe1291997581f3bd9b,bc1ph9gfvvegayt9v6f4zygdjhmvkgw73j0xzqanxxtuf4ysd887v8tq0qvtlk,bc1pvv5xun65n8c7armazmm7996cgq7sgesu38j9qlsh70f45arg9qvswalen8,0.21028313,1,0.9469392168306706,488
ba3d5be9159b46028d6acc525ed1fce66e00b500e48f28e139daf0165556ced9,bc1qgrn30jql9q5pkg95zf9qy48tndhlxdg0x682mp,1EdgM2Svuhg83A3YukwMPR3nsrB6zi41Ao,0.0715034,0,0.9468678095884806,489
6739f857a22c3ae30f59da822a657c5dbc26915a52d01018c02c5ed719afe1e3,bc1q8d6cluyekc57d5vx58y6dr5uzt9fq5kzpx2k4x,bc1qesrvsn8g7ln6rmtru5kmuve4cma37r9gsrd78w,0.65484639,0,0.9466370936080984,490
ba3d5be9159b46028d6acc525ed1fce66e00b500e48f28e139daf0165556ced9,bc1qgrn30jql9q5pkg95zf9qy48tndhlxdg0x682mp,1EdgM2Svuhg83A3YukwMPR3nsrB6zi41Ao,0.33,0,0.946623107373581,491
55fdbf24183bb8806b444bc9ffeee8ca672f4794c59419a46cb395c78ad20d4a,bc1ph9gfvvegayt9v6f4zygdjhmvkgw73j0xzqanxxtuf4ysd887v8tq0qvtlk,bc1pvv5xun65n8c7armazmm7996cgq7sgesu38j9qlsh70f45arg9qvswalen8,0.21889747,1,0.9464941555024697,492
487d2226a7d61219b09fdf336b136fd1d0ed6a23b14d335fd01998c102c11e37,bc1q43727w99qpg58ykswgzvfth7skvaagd9l03ppp,bc1qesrvsn8g7ln6rmtru5kmuve4cma37r9gsrd78w,0.2542886,0,0.9463875823785096,493
d9d5069ab72d5b2e6d8cff84c906c87043e836584992a6f5858935c0e0c81be4,bc1qnz06cv84gr6yld02avwpzd2cvnf5lxhmnuq62z,bc1pw9a63kstgl9p5h3l7rmm3u4pzg0a4vwgz9q0lkh6nrmlv3xzcvlqlftw2l,0.15462008,1,0.9462646908662681,494
7066f3d268d381470b18d754a78f53f20aa7dfd12dd6705d1652b774490871d2,bc1qqpq4yrakqcfcr92l5ljygw2gx2kg9z7rw3874z,1EdgM2Svuhg83A3YukwMPR3nsrB6zi41Ao,0.60924793,0,0.9461148268532559,495
e03c1bd9b2a67dbf20eaa32d4e8ef9535bfcbf79355a66c3682c3633bfa295d1,bc1qgrn30jql9q5pkg95zf9qy48tndhlxdg0x682mp,bc1qesrvsn8g7ln6rmtru5kmuve4cma37r9gsrd78w,0.6910806,0,0.9460862586052152,496
b902faf2183c40ae316f4470bbcbbdfbf9eeedbe3dca604c401c6b6df8b3072e,bc1qgrn30jql9q5pkg95zf9qy48tndhlxdg0x682mp,bc1qesrvsn8g7ln6rmtru5kmuve4cma37r9gsrd78w,0.66908816,0,0.9460525269092322,497
76c577b7b54bfba39b11c3430c48cada8b0b83794e7757637332e80606412e30,bc1pvz9ydrpnjnt7q5d6m9k84nfa70xv9y7yls3ywmyu6w3jsjdkllksuefzu3,bc1qgrn30jql9q5pkg95zf9qy48tndhlxdg0x682mp,0.43782592,0,0.9458387324473964,498
745d8e50ca71ccdb822054e70f4387ab38897360531e753dc4c7075618305bce,bc1q43727w99qpg58ykswgzvfth7skvaagd9l03ppp,bc1qesrvsn8g7ln6rmtru5kmuve4cma37r9gsrd78w,0.68918807,0,0.9457505244755388,499
5dd8afb48d861c690bbc006657d314d6d55d2817fef822b555a70adf2f8bed7b,bc1q43727w99qpg58ykswgzvfth7skvaagd9l03ppp,bc1qesrvsn8g7ln6rmtru5kmuve4cma37r9gsrd78w,0.68948807,0,0.9457505244755388,500
5474f434387c3ec019ea466fc83a9d3d103e94ce3a872e30e474171b03fe4ad3,bc1qgrn30jql9q5pkg95zf9qy48tndhlxdg0x682mp,bc1qesrvsn8g7ln6rmtru5kmuve4cma37r9gsrd78w,0.66498816,0,0.945736939936732,501
db1482bb4c70f3485a0e1cc3b37c6c8aa67da435553cbdcd48aa66f742103aad,bc1p3hv7fly5rqjjk5vl4gzxul3ayymkllkve36jdwzh0wya723l2pjq3wvkg2,bc1ppu2jxuyd7l2s27f99tefcta8a89w2q2p8ztgf8l5wnvmql5wuu7sx60d8p,0.19999558,1,0.9455685424717405,502
3a1bdee5b2873bf95817c7733dfa5afcb5befdc0bcb2ed946af874be2567c8c6,bc1p6vswdv3n9f2p56r3jxy7q6gf3jxthm3rl29cnzvrnrurjr6xkqeqtnvjq8,bc1qkk72acrsf4cyu3k85f8prvmlep3efz3p5mkhe0,0.8817,1,0.9455374594035416,503
8a5f79ac9668c9697ca046843cbd9b64ccf538429dfedb372036ac4b7bacc160,bc1qgrn30jql9q5pkg95zf9qy48tndhlxdg0x682mp,1EdgM2Svuhg83A3YukwMPR3nsrB6zi41Ao,0.60501145,0,0.9455069358862467,504
d97b682117bcbed37ce3bb6ff8c8bbd03664818a8ebe744ad7e113dfc2b927d7,bc1qu8mvqszp8rnzv8tudd3es207hzcw9cv0mmr7f3,1EdgM2Svuhg83A3YukwMPR3nsrB6zi41Ao,0.35576373,0,0.9454732582383224,505
5df5a9995b3f218b79b1ff69a1982c20b5466f26f75491c70ccd2d030cb13741,bc1q8d6cluyekc57d5vx58y6dr5uzt9fq5kzpx2k4x,bc1qm5z2m9gm9rr7pdrax5wdlewz6zg9hnq5p7hhjh,0.79838059,0,0.9453447968714258,506
926cd1bbfb73fdb8588988a29c613029766a0f3acdaecdcc7f50c60e442c0c13,bc1qn59gknrpyqgfz6d9u6hfk4qd0xr68ndypkxntq,bc1qgrn30jql9q5pkg95zf9qy48tndhlxdg0x682mp,0.15,0,0.9452827475066364,507
9e1fb4b1e930a15c36c6a75f63f55589d3c5cf67251ac748d9eb00d5fbc26169,bc1qguaund6dh2sxslzxcpy47nn4q76rqfcg0q4py4,1EdgM2Svuhg83A3YukwMPR3nsrB6zi41Ao,0.1426,0,0.945258590109473,508
5700a2e1ee890a9ad2cd7668c5de22aca30e516d41afcb33335dda0068c57ee0,bc1q2r20r6lgdtl73j0gnmv8fhr6yysfqpvadsfw65,bc1qesrvsn8g7ln6rmtru5kmuve4cma37r9gsrd78w,0.104,0,0.9452097423903166,509
ccdce9c3d97eb887862869a208accbc9b2ae92ce4b394e438788a3f68eff7908,bc1q43727w99qpg58ykswgzvfth7skvaagd9l03ppp,1EdgM2Svuhg83A3YukwMPR3nsrB6zi41Ao,0.15827116,0,0.9450320913705977,510
731cea8ca7b6bc438323d0e444da26ee9441a6a891bc28d3a2e3e00adf583a8b,bc1p9f4adcdy4pq9up0fq5nh4v0ff94cwumr3y2twf56tmzcc3v9c7pquz745y,bc1qgrn30jql9q5pkg95zf9qy48tndhlxdg0x682mp,0.30692583,0,0.9449567236533217,511
858b143eff0683d634f00e74beba415b983e485a7abf5fba25f77c2fa137008d,bc1pfxrjgk7yddqxtuswrd06x479jkkrxw2ywzm5xtsqya7k3fztdt3q6nusme,bc1qgrn30jql9q5pkg95zf9qy48tndhlxdg0x682mp,0.30841283,0,0.9449567236533217,512
5c3b42db3fa591d7827f1a5999e5533d78260e110f17445e24a86e3ac5da1c35,bc1qcfl54c0vrpfp2003ns5qy3ghedahdutu67tvx4,3D63YUEAVaqwcJ67yKLsRoVYg3kLHvzgDC,0.2,1,0.9449452980240751,513
2cb8dd530483359f06f53b4cbb0a4c1977dd49f4de9c5bc8b57ea29de3db1f64,bc1qgrn30jql9q5pkg95zf9qy48tndhlxdg0x682mp,bc1qk0zrww0gaam9wy3g0svgu935nd2lje99yku5g5,0.09367528,0,0.9448866408278596,514
16c0e277356e7e29e61394674457cdadafa93cbb39d2654c553d38f665581547,bc1qafhncen5a93gsklzy44rpqahx6kzqg3pmgeea0,bc1qgrn30jql9q5pkg95zf9qy48tndhlxdg0x682mp,0.2,0,0.9446483235522698,515
c9d027744629ce14ff8aad607d1323bb205f8eb80040d9cf74680721236a89cc,bc1qgrn30jql9q5pkg95zf9qy48tndhlxdg0x682mp,1EdgM2Svuhg83A3YukwMPR3nsrB6zi41Ao,0.69918778,0,0.9446411565363851,516
8e243f34aa75773c3ceba84d32e0d9d14fe665c619637bb232bba09e926cf8c5,bc1q8d6cluyekc57d5vx58y6dr5uzt9fq5kzpx2k4x,bc1qesrvsn8g7ln6rmtru5kmuve4cma37r9gsrd78w,0.5,0,0.9444462757025578,517
ca52f9e4627bb77c74a41fca6a3fc1addf74b8825433d8952466523817814383,bc1qqd0q4hzzrzu9v4z0xpy5n829jlwdu5vagtdxfk,bc1qgrn30jql9q5pkg95zf9qy48tndhlxdg0x682mp,0.33,0,0.9443349217788021,518
339ceaf897175225827b33b3dbf9ecda575d43c52f478347a434ea816908d4b5,bc1qgrn30jql9q5pkg95zf9qy48tndhlxdg0x682mp,bc1qesrvsn8g7ln6rmtru5kmuve4cma37r9gsrd78w,0.10009689,0,0.9438920243646954,519
5ff18eac5087515907b328e98847b0af6f4ade44793c6741f9312e5a7fbbb931,bc1q43727w99qpg58ykswgzvfth7skvaagd9l03ppp,1EdgM2Svuhg83A3YukwMPR3nsrB6zi41Ao,0.24848173,0,0.9433096443130428,520
55fdbf24183bb8806b444bc9ffeee8ca672f4794c59419a46cb395c78ad20d4a,bc1ph9gfvvegayt9v6f4zygdjhmvkgw73j0xzqanxxtuf4ysd887v8tq0qvtlk,bc1pvv5xun65n8c7armazmm7996cgq7sgesu38j9qlsh70f45arg9qvswalen8,0.132,1,0.943278760746542,521
341447d3b69874e760639da5fd0f81884c6242da981fb3b82a662751f1df2def,bc1q8d6cluyekc57d5vx58y6dr5uzt9fq5kzpx2k4x,bc1qesrvsn8g7ln6rmtru5kmuve4cma37r9gsrd78w,0.64537641,0,0.9430988311423179,522
48231cf942a77f4cdf4a82b6aa6864885b230920a5bdf85b8e41d36984c7e422,bc1q8dj9anpwvyetpqcnv9dsygmkwe2kf8am8duqlh,bc1qr9frqw7a8kamz2ncpawqst4gtdn9vf6apcdyuh,0.27155286,1,0.9429746103916411,523
4982c370615ed8c3dbcd80a2babc43972813ae3002ff14e9464a38436bca8337,bc1qly92kv2dhw6j2fqxf8gc2w9cpywtyr7kt9ysqq,bc1p2syt7k76k9sylplm6skhnegmzp5s9x5yxjny85dhe59e4dlaleasc3u9kh,0.0120135,1,0.9426713185697928,524
d9d5069ab72d5b2e6d8cff84c906c87043e836584992a6f5858935c0e0c81be4,bc1qnz06cv84gr6yld02avwpzd2cvnf5lxhmnuq62z,bc1pw9a63kstgl9p5h3l7rmm3u4pzg0a4vwgz9q0lkh6nrmlv3xzcvlqlftw2l,0.15501695,1,0.9425725818060964,525
1555b316bd46691e6eb5305288d2b6970faf52c76b9c10c4beac205bb18ac69a,bc1qn59gknrpyqgfz6d9u6hfk4qd0xr68ndypkxntq,bc1q43727w99qpg58ykswgzvfth7skvaagd9l03ppp,0.15,0,0.9423749541858296,526
858b143eff0683d634f00e74beba415b983e485a7abf5fba25f77c2fa137008d,bc1pfxrjgk7yddqxtuswrd06x479jkkrxw2ywzm5xtsqya7k3fztdt3q6nusme,bc1qgrn30jql9q5pkg95zf9qy48tndhlxdg0x682mp,0.307671,0,0.9420514327689051,527
731cea8ca7b6bc438323d0e444da26ee9441a6a891bc28d3a2e3e00adf583a8b,bc1p9f4adcdy4pq9up0fq5nh4v0ff94cwumr3y2twf56tmzcc3v9c7pquz745y,bc1qgrn30jql9q5pkg95zf9qy48tndhlxdg0x682mp,0.306544,0,0.9420514327689051,528
906f4142afb5b52344095f2853a0f6c5effa2c6af9228b14e9342f0a168dcf91,bc1qa0pkfxfcyzmhgfz5mvpk45p2tpctk7sm3mkyzx,bc1qmctc3dyyvsph46se6lgvuj5p9wt23ghjz0e2ga,0.78175261,1,0.9417803409218615,529
d557e2636ed2306b27cfdc9f169b102fe2355859cacd587dff9a0e724417e4de,bc1qguaund6dh2sxslzxcpy47nn4q76rqfcg0q4py4,1EdgM2Svuhg83A3YukwMPR3nsrB6zi41Ao,0.1323,0,0.9417349828242663,530
05383aec43568c2ef4e23d8ba4cb5d028bd6c9f7e03c0343c55c82eefc152239,bc1q2c43pjpw3m0pn4zw7eemvk38uz3awmm5tsa32u,bc1qgrn30jql9q5pkg95zf9qy48tndhlxdg0x682mp,0.09878923,0,0.9415734617440482,531
577f84b53357a2accdb1e31a4193eba23ab613855d9b0d8f4363d085b285c620,bc1q43727w99qpg58ykswgzvfth7skvaagd9l03ppp,1EdgM2Svuhg83A3YukwMPR3nsrB6zi41Ao,0.69228112,0,0.9403877728691401,532
485fffa32615327f6ec1ad2fe9081c6b7999eb128a446cc3fdc67e1433e34b92,bc1qzrrh4vm4958ky48vdh8rpan7khk003zn285ptr,3Ljb1PHKr4GqZ7P6CvkNYkYHiyY7DsSFHZ,1.08589,1,0.9396911427481826,533
3ced437297702ef44b63cb85d8697a702ce396e1e7c092c39aa19a686c810e4b,bc1q8d6cluyekc57d5vx58y6dr5uzt9fq5kzpx2k4x,bc1qesrvsn8g7ln6rmtru5kmuve4cma37r9gsrd78w,0.6142843,0,0.9392618378177615,534
95c910346fe08a187f625ad2505dc38971e5a22f6764b28ee12b377685e3202f,bc1q8turve2fmhg07tm2mzut75d29hqmwkaqjyuumj,bc1qdklcxh7zr64p800yeygxeumkevq6tx0gufnxen,1.82881533,1,0.9383397321317184,535
fd905712aa2e75353d43e1cada14850b109cb4f4835278067b66665b1fb0dcf6,bc1qeetft997zfvwxkm4a5294sa45xtf6cfuvv2ljj,bc1q9zy2qett7d06hnvv6rzdml0m62gtxzcjapehsr,1.0,1,0.938333606693335,536
09151102a15a680a3e36fb70a1450908ba566a2b9e6c78f80c026eee8b53bad7,bc1q4cjjpm75dyvzaskplnuqp0w6tmsrz0avx2kunq,bc1q2r20r6lgdtl73j0gnmv8fhr6yysfqpvadsfw65,1.0,0,0.938333606693335,537
3108e95dc52a04076d160d829af8c0354987c7f7a79316f723b5fcb116e5803c,32LuVE5CGvTPSqKBJyzEpiYcrS1jWqbfUF,bc1q8d6cluyekc57d5vx58y6dr5uzt9fq5kzpx2k4x,0.0013231,0,0.9383267845403851,538
ab75275d687b66b4ed7ed7b7b59e171ba7a967e34986f8fda675a6cbd0b0c2cb,bc1q43727w99qpg58ykswgzvfth7skvaagd9l03ppp,bc1qesrvsn8g7ln6rmtru5kmuve4cma37r9gsrd78w,0.459,0,0.9379493407142796,539
7ce4eb5974e6db56ce4e281066c5a2fb86aa5ff84fed6ed882cc4b35a70580e8,bc1q43727w99qpg58ykswgzvfth7skvaagd9l03ppp,bc1q2r20r6lgdtl73j0gnmv8fhr6yysfqpvadsfw65,0.08824699,0,0.9379281354489583,540
339ceaf897175225827b33b3dbf9ecda575d43c52f478347a434ea816908d4b5,bc1qgrn30jql9q5pkg95zf9qy48tndhlxdg0x682mp,bc1qesrvsn8g7ln6rmtru5kmuve4cma37r9gsrd78w,0.52059124,0,0.9373515728708205,541
487d2226a7d61219b09fdf336b136fd1d0ed6a23b14d335fd01998c102c11e37,bc1q43727w99qpg58ykswgzvfth7skvaagd9l03ppp,bc1qesrvsn8g7ln6rmtru5kmuve4cma37r9gsrd78w,0.27092759,0,0.9372471953682024,542
635ca364269a12a52cf79c2e7fa53f7d4cd72f1f51c03f89dad2f49a1f0f6bb9,bc1pt9p6362m2tczf02un8r0ye87yvnsymwfac0cz8v3xhv8z9q78ztsp35zfy,bc1q43727w99qpg58ykswgzvfth7skvaagd9l03ppp,0.00393951,0,0.9372330968281678,543
d9d5069ab72d5b2e6d8cff84c906c87043e836584992a6f5858935c0e0c81be4,bc1qnz06cv84gr6yld02avwpzd2cvnf5lxhmnuq62z,bc1pw9a63kstgl9p5h3l7rmm3u4pzg0a4vwgz9q0lkh6nrmlv3xzcvlqlftw2l,0.15474777,1,0.9370609277721661,544
834e889052059696e4412968eba94baf6abbd591c83f52ed969b0bd8a29b6dff,bc1q3jx76k9zes65qyncfnyur6ve6kw9ylxst86rsf,bc1q9f8qkvywxp06upuf6hu097meu64kqnvjck2sx9,0.009,1,0.937027042506254,545
a863f7bd0d52bdef79610c744bcb697bdf5adb96264e1cf558005efb589a55d7,13Yh33sWB2T1HvyXFKxS5nWbpUKmdLM75B,bc1q8d6cluyekc57d5vx58y6dr5uzt9fq5kzpx2k4x,0.02323541,0,0.9369803985553817,546
a1ddad5f036d6e2dd964314cb53a258f5f8267dec284487430161c04236000c2,bc1qguaund6dh2sxslzxcpy47nn4q76rqfcg0q4py4,bc1q67q30drsdc05u2m2ly5qsgfg0yjhu6uu8hmnar,1.45,0,0.9369627956769242,547
f35f2a43b389014742b786f9fb8eb1fd111ca8c007d6b9e6abc52f80857812f2,bc1q8d6cluyekc57d5vx58y6dr5uzt9fq5kzpx2k4x,bc1qesrvsn8g7ln6rmtru5kmuve4cma37r9gsrd78w,0.42774421,0,0.9368005514046283,548
d9d5069ab72d5b2e6d8cff84c906c87043e836584992a6f5858935c0e0c81be4,bc1qnz06cv84gr6yld02avwpzd2cvnf5lxhmnuq62z,bc1pw9a63kstgl9p5h3l7rmm3u4pzg0a4vwgz9q0lkh6nrmlv3xzcvlqlftw2l,0.15549276,1,0.9366570631276955,549
62e9cd3c00712105d25e66d0085541d5cfe9c1dd8eff0ad0f4fcc25997c6a5ac,bc1p6vswdv3n9f2p56r3jxy7q6gf3jxthm3rl29cnzvrnrurjr6xkqeqtnvjq8,bc1q4e2jq99t45yj4dcl0yzavz48yphz0mm8sjjwpj,1.5517,1,0.9363139605116233,550
c73f3026c6b4120061b5dabfbd468e3bd6352a6087d5bf8385986598ce2cc271,368Y1Zew7DJYL1jvKWLgfgH6jwwx8EksCv,bc1q8d6cluyekc57d5vx58y6dr5uzt9fq5kzpx2k4x,2.0,0,0.9360688403745197,551
123ad82484fa79a3e3d3afaee3e629fd431272a1c082e96986028227b731b629,bc1qvwz9yk02z5t4zxl4nj39wkegemtfppqnutuldm,bc1qpffefvpdtsu8lq70dch8qqcacax43vkzznrrqz,2.0,1,0.9355879494596532,552
9e1fb4b1e930a15c36c6a75f63f55589d3c5cf67251ac748d9eb00d5fbc26169,bc1qguaund6dh2sxslzxcpy47nn4q76rqfcg0q4py4,1EdgM2Svuhg83A3YukwMPR3nsrB6zi41Ao,0.46945962,0,0.9354508044137259,553
73dd2af363c4e52ccccaeeee0a0cc831305872f5dc2616ca72c8fb9e419c777f,32yEoNm3M5ohFNpqDptTfjJvPF3q8fSw65,bc1q82telvmwxnkdkreen7nlqr7p6qzhh5tshvuv4v,0.01001137,0,0.9353597243959898,554
c9173065ea208771ca3680dab216eccf09d0462c2d6948d2d6083908a8cdc494,bc1qz3dfc37ymc2k4v7h0k3nqjweqwdjepry4fvzcz,bc1qs7an4wnfwgqang8w3favellvr06vs2f6n4l2e0,0.20249009,1,0.9353171455304499,555
f076443f7eca56b840d73a2d8d9c57f1115d136c45adbeaa29a756e27f0c9eb4,bc1qn75wgphn9lvd79eshmh502838jwcfhvuct4lym,bc1q43727w99qpg58ykswgzvfth7skvaagd9l03ppp,0.01106416,0,0.9349483213793279,556
0fbb106c4d4df4c07e03fae8a803e9677ad891357ac2ec244799d8c41c6fdd25,bc1qa0pkfxfcyzmhgfz5mvpk45p2tpctk7sm3mkyzx,1EdgM2Svuhg83A3YukwMPR3nsrB6zi41Ao,0.60249992,0,0.9346699087193389,557
e1965381d624bf5920c1eaa6ab7539053a4c4b8bc2bebb667c010f06151dc529,bc1qgrn30jql9q5pkg95zf9qy48tndhlxdg0x682mp,bc1q4e3tswfcc8p0cnc4sw5eclxveunmdyu6eqwa8e,0.29414177,1,0.9346102524532452,558
73b19c24bf61fae9a3f229e3db138b97afcb7153b80fad11f0ff9324fe76799c,bc1qu2dq8w8lv8v3l7lr2c5tvx3yltv22r3nhkx7w0,bc1qtak5flan50rwdwv6av392nhq73x7jjrgrv34vj,0.20142539,1,0.9344270207368129,559
09c91adaffb4540113716d1ec77835a6438f75abb1550add81c87c53cb114481,bc1q8d6cluyekc57d5vx58y6dr5uzt9fq5kzpx2k4x,bc1qesrvsn8g7ln6rmtru5kmuve4cma37r9gsrd78w,0.5560542,0,0.9343420463757175,560
d9d5069ab72d5b2e6d8cff84c906c87043e836584992a6f5858935c0e0c81be4,bc1qnz06cv84gr6yld02avwpzd2cvnf5lxhmnuq62z,bc1pw9a63kstgl9p5h3l7rmm3u4pzg0a4vwgz9q0lkh6nrmlv3xzcvlqlftw2l,0.0713718,1,0.9342413629771521,561
b78d7a95bb9ee2bae4baa3621e38186594a497d296f7e1c86620e7c1768736c5,bc1q43727w99qpg58ykswgzvfth7skvaagd9l03ppp,1EdgM2Svuhg83A3YukwMPR3nsrB6zi41Ao,0.29457885,0,0.934204219022082,562
d9d5069ab72d5b2e6d8cff84c906c87043e836584992a6f5858935c0e0c81be4,bc1qnz06cv84gr6yld02avwpzd2cvnf5lxhmnuq62z,bc1pw9a63kstgl9p5h3l7rmm3u4pzg0a4vwgz9q0lkh6nrmlv3xzcvlqlftw2l,0.15551402,1,0.9341263938560164,563
f8be4c3c7f62a1d7894c5ed4094d8a46d1af03ae03ce4d83019bb2a615d75d08,bc1q8d6cluyekc57d5vx58y6dr5uzt9fq5kzpx2k4x,1EdgM2Svuhg83A3YukwMPR3nsrB6zi41Ao,0.60464433,0,0.9339224700945009,564
55fdbf24183bb8806b444bc9ffeee8ca672f4794c59419a46cb395c78ad20d4a,bc1ph9gfvvegayt9v6f4zygdjhmvkgw73j0xzqanxxtuf4ysd887v8tq0qvtlk,bc1pvv5xun65n8c7armazmm7996cgq7sgesu38j9qlsh70f45arg9qvswalen8,0.20181017,1,0.9336243237251297,565
ba3d5be9159b46028d6acc525ed1fce66e00b500e48f28e139daf0165556ced9,bc1qgrn30jql9q5pkg95zf9qy48tndhlxdg0x682mp,1EdgM2Svuhg83A3YukwMPR3nsrB6zi41Ao,0.017,0,0.933538015398939,566
0821ef216047f9d45a35fe54be2e78546bfb4d474405337d902df2e5a48c7a75,bc1qwxfc7zrk3fru23elr724nqvz8ghwfa62tmsnyg,bc1qr2e9um2447wg90se2l5lqvhcevy4pwwwmsn9em,0.21442761,1,0.9334996418061645,567
8d6e2e1b6efc4bdd5133c58edea022d2e33b3da926d238fe90fa216974952f81,bc1q43727w99qpg58ykswgzvfth7skvaagd9l03ppp,1QGUT25KSB6KUtb5FvMmDCgfTrHFCnpfr4,0.86965289,0,0.9324767196054599,568
05383aec43568c2ef4e23d8ba4cb5d028bd6c9f7e03c0343c55c82eefc152239,bc1q2c43pjpw3m0pn4zw7eemvk38uz3awmm5tsa32u,bc1qgrn30jql9q5pkg95zf9qy48tndhlxdg0x682mp,0.16288887,0,0.932326106592616,569
7a31f23cd60b8429ccb0c4aeb64d73b0335a589f84e16101b1f18b141503052c,17T7a7EuPvzKmVEujBnyuhoaobbza1Tmmk,bc1qkkz28p78pe4qm6uthe5ayfewx5p02yufsrsnf7,0.95760871,1,0.9321006216700263,570
22f650770d76916c7aa8fb6a7f753efea07d5dc5ab90ade599a875cbce45e0a8,bc1qh6peqxxvcpuugjfhlmrrj7ynv36ej4l6dd9rwc,bc1qawxyp0xa75gydalfdm6dashjvq73lrs6yuy95d,0.0100686,0,0.932098740408107,571
20120e55be8f72f16a6ea30b147b915a58038ee75e36388b5969c46bb4d63026,bc1qqpq4yrakqcfcr92l5ljygw2gx2kg9z7rw3874z,1EdgM2Svuhg83A3YukwMPR3nsrB6zi41Ao,0.11,0,0.931166200948592,572
2edd7cd8e5fc5ee65385be4c4da07a59b46eeaa478234d1acb9e5266df1a68e0,bc1p6slkdt5j0ryp0jamhanap9dxx7tydllx0hrxzetrz7sz2dpyukwsdrf0qv,bc1pex2c46t4kpc4xa2u9ytshmlky3rrfhsytqxmthkc78gs06qx975qata8yf,0.01197602,1,0.9309176372640163,573
5340ace7305a743efb7560e8f88606ec3e48582d3dd843d69754ab3b4d40871f,bc1q8d6cluyekc57d5vx58y6dr5uzt9fq5kzpx2k4x,bc1qesrvsn8g7ln6rmtru5kmuve4cma37r9gsrd78w,0.56945,0,0.9307810414865589,574
11f8cd53084a0c6cad9faf8c51755c709298ae7208c45f75d9648bdda4ba71ea,bc1qerh7lhrs3fgsg7j28y7k2z9rfwmw0ucd9lk7mq,1EdgM2Svuhg83A3YukwMPR3nsrB6zi41Ao,0.49668,0,0.9299819539634605,575
2c049f7a7890b8d482915ae5b72d9f772d13ecfc767d560da11f9be19d80a14f,bc1q2r20r6lgdtl73j0gnmv8fhr6yysfqpvadsfw65,bc1pukgsyhlw5hrpehf4r3j3x43zat7kayms8rw62dq7m79ru0j09n2qzuze2y,2.52799784,1,0.9299196369900143,576
099243eb2a48225aeebf6ca6a2383c16c8b6d93ca0b5de7b5c74502840c0df92,bc1qew9vzcy7ttzqc9mgsu2ank7882dj8eyz34q9s9,bc1qtd7t5d0efr6kvqn2sl5ckea5s74a6nk7a8ccfx,0.1499448,1,0.9299031670474004,577
e1965381d624bf5920c1eaa6ab7539053a4c4b8bc2bebb667c010f06151dc529,bc1qgrn30jql9q5pkg95zf9qy48tndhlxdg0x682mp,bc1q4e3tswfcc8p0cnc4sw5eclxveunmdyu6eqwa8e,0.07578495,1,0.9298935432730804,578
8242b324e9ac3baedb3a83c3325cbec0a6815c095fa596ede2d49b25c7481fee,bc1q43727w99qpg58ykswgzvfth7skvaagd9l03ppp,bc1qyyfs2jhn2a7pt30ekrnn969ch63mcp4ufay94h,0.0174,0,0.9297424827202388,579
e5688308cbcfdea060d07aba8b47bd5412b975fa8bd0dee5c4ce564b21c7262d,bc1qgrn30jql9q5pkg95zf9qy48tndhlxdg0x682mp,1GAfimnjEZgUqiie2NZbbWxBuFJdC9dFNt,0.012,0,0.9297139903838673,580
31d810844360d80ad521031d88703bc055a8ffcca52366c4270c142ee098b5dd,bc1pvv5xun65n8c7armazmm7996cgq7sgesu38j9qlsh70f45arg9qvswalen8,1PAtpVq7PoChFou7qo2QzvcixnYQELU25H,0.28998614,1,0.9292413208897784,581
05383aec43568c2ef4e23d8ba4cb5d028bd6c9f7e03c0343c55c82eefc152239,bc1q2c43pjpw3m0pn4zw7eemvk38uz3awmm5tsa32u,bc1qgrn30jql9q5pkg95zf9qy48tndhlxdg0x682mp,0.10208607,0,0.9291564677626966,582
09c91adaffb4540113716d1ec77835a6438f75abb1550add81c87c53cb114481,bc1q8d6cluyekc57d5vx58y6dr5uzt9fq5kzpx2k4x,bc1qesrvsn8g7ln6rmtru5kmuve4cma37r9gsrd78w,0.1,0,0.9290862860092176,583
b628380a928b3134ca10c533fe0422055f8df55ae944bac7a7926697ecb9ce8f,bc1qxhj3dzrs3efn3jg8zdaegc24dz8gurtpxl3x4l,bc1q265u86ma08rvf37dmu5aau5v63qqyanpm6jdud,0.31388175,0,0.9290495125399072,584
05383aec43568c2ef4e23d8ba4cb5d028bd6c9f7e03c0343c55c82eefc152239,bc1q2c43pjpw3m0pn4zw7eemvk38uz3awmm5tsa32u,bc1qgrn30jql9q5pkg95zf9qy48tndhlxdg0x682mp,0.12199153,0,0.9286755281948598,585
55fdbf24183bb8806b444bc9ffeee8ca672f4794c59419a46cb395c78ad20d4a,bc1ph9gfvvegayt9v6f4zygdjhmvkgw73j0xzqanxxtuf4ysd887v8tq0qvtlk,bc1pvv5xun65n8c7armazmm7996cgq7sgesu38j9qlsh70f45arg9qvswalen8,0.09606452,1,0.9284771462113797,586
69ae9f1274a97356f58df982a1555f969b88fbcde17ee23957148f39f766767e,bc1ph9gfvvegayt9v6f4zygdjhmvkgw73j0xzqanxxtuf4ysd887v8tq0qvtlk,bc1pvv5xun65n8c7armazmm7996cgq7sgesu38j9qlsh70f45arg9qvswalen8,0.62249491,1,0.9284640928480435,587
2edd7cd8e5fc5ee65385be4c4da07a59b46eeaa478234d1acb9e5266df1a68e0,bc1p6slkdt5j0ryp0jamhanap9dxx7tydllx0hrxzetrz7sz2dpyukwsdrf0qv,bc1pex2c46t4kpc4xa2u9ytshmlky3rrfhsytqxmthkc78gs06qx975qata8yf,0.06411538,1,0.9283840349272405,588
06fbc226745a62ea299c2f567437ec4550c3f43e844929aea6ec33277f54c32f,bc1qgrn30jql9q5pkg95zf9qy48tndhlxdg0x682mp,bc1qesrvsn8g7ln6rmtru5kmuve4cma37r9gsrd78w,0.02029729,0,0.9279885960027934,589
3e300b3baad3a92922f0f8491e01d66826417a96d0a091dc2998445fb786a067,bc1q43727w99qpg58ykswgzvfth7skvaagd9l03ppp,14R2mG6RDx4cb1yzLLDhZzcXP693aEgM27,0.0167817,0,0.9279401569125568,590
dc1e77f450349f89e1d5bb840140dd40df4c1e9c30beb8e9053557fd2723758f,bc1qgrn30jql9q5pkg95zf9qy48tndhlxdg0x682mp,bc1qtgjx7rcfxcymj9s4xwrrwwps6f6y88dezflfa3,0.00900895,0,0.9278432528283496,591
fc1b7dccc8bfb60b348181e87d438c1b3bb0d525fe50c2c843f91297a50c0757,bc1qgrn30jql9q5pkg95zf9qy48tndhlxdg0x682mp,bc1qlzq4wep5u4zn6d64u07gsecdwvseqltkpxd2z7,0.0229,0,0.927760609176256,592
1d24405954f96a6788c8ea457f70a83ca6ac9dcd862681a8eddc84509d869ddc,bc1pvv5xun65n8c7armazmm7996cgq7sgesu38j9qlsh70f45arg9qvswalen8,1PAtpVq7PoChFou7qo2QzvcixnYQELU25H,0.38,1,0.927485283900155,593
7976588956b750c6961a807de1d03413a9c3a3c496cd9844504711dc90ce4eee,bc1qy9mdd7kyw2vcyrq0ehk4r86r29xlnrq4mt805j,bc1qu5mm6vwry74vemp2lpwws0atcs3hc5atyz3yme,0.8,1,0.9274211904599897,594
45e78add22907a921d20a17ed5ef7d4387b0b66eabb1148abde72d1a1670a2af,bc1qgrn30jql9q5pkg95zf9qy48tndhlxdg0x682mp,bc1qnxe6qntxa94vnv8hfq446hw6ey3lkul9wfpk7e,0.0076347,0,0.9273508650042974,595
aeab255b4dc905613943b561afe7611c8b112236024f07730b2899d4862630a9,bc1q43727w99qpg58ykswgzvfth7skvaagd9l03ppp,bc1qesrvsn8g7ln6rmtru5kmuve4cma37r9gsrd78w,0.01195398,0,0.9273194516799138,596
5ab37fc4f99348000416f0c5c6444c59cac34312ed0100bd238262b3d8b20273,bc1q43727w99qpg58ykswgzvfth7skvaagd9l03ppp,bc1qechhuvpkq4mtuu223q3k5d95vlzs5sm5mnukac,0.03873058,0,0.9266555816491528,597
d9d5069ab72d5b2e6d8cff84c906c87043e836584992a6f5858935c0e0c81be4,bc1qnz06cv84gr6yld02avwpzd2cvnf5lxhmnuq62z,bc1pw9a63kstgl9p5h3l7rmm3u4pzg0a4vwgz9q0lkh6nrmlv3xzcvlqlftw2l,0.07156133,1,0.9265259455799122,598
8e243f34aa75773c3ceba84d32e0d9d14fe665c619637bb232bba09e926cf8c5,bc1q8d6cluyekc57d5vx58y6dr5uzt9fq5kzpx2k4x,bc1qesrvsn8g7ln6rmtru5kmuve4cma37r9gsrd78w,0.0945099,0,0.9264976493097216,599
434a76cf275f9ede1c90e63d1d085048a61ef71f47e7989b36b51b1c323a1924,bc1ph9gfvvegayt9v6f4zygdjhmvkgw73j0xzqanxxtuf4ysd887v8tq0qvtlk,bc1pvv5xun65n8c7armazmm7996cgq7sgesu38j9qlsh70f45arg9qvswalen8,0.4218,1,0.9262656776293268,600
a9870be75bf5f0b589e05cc804ce570f2a8d79628ffe18ce50bfee68291a73de,39VRKUpYiiYcWviZGNgGvmcaCWMZf3roAr,bc1qd2kx8pmpnvfx40rmgd483988jcasamm9xw326zlm4pwguv5drxfssc4c86,5.0,0,0.9261134489905868,601
f8be4c3c7f62a1d7894c5ed4094d8a46d1af03ae03ce4d83019bb2a615d75d08,bc1q8d6cluyekc57d5vx58y6dr5uzt9fq5kzpx2k4x,1EdgM2Svuhg83A3YukwMPR3nsrB6zi41Ao,0.075,0,0.9260538091254114,602
7ce4eb5974e6db56ce4e281066c5a2fb86aa5ff84fed6ed882cc4b35a70580e8,bc1q43727w99qpg58ykswgzvfth7skvaagd9l03ppp,bc1q2r20r6lgdtl73j0gnmv8fhr6yysfqpvadsfw65,0.0590326,0,0.9260523987907793,603
10434569acebe41767fd416fac42cff5f832c5c170c5bd88448a2b866078ef12,bc1p20xw3xsrdewfqgwmwdc7xjgdsc0qmxszwp2l4xxfhm4gvp0m54fqquqlfj,bc1q8d6cluyekc57d5vx58y6dr5uzt9fq5kzpx2k4x,0.00321942,0,0.9258398129745403,604
55fdbf24183bb8806b444bc9ffeee8ca672f4794c59419a46cb395c78ad20d4a,bc1ph9gfvvegayt9v6f4zygdjhmvkgw73j0xzqanxxtuf4ysd887v8tq0qvtlk,bc1pvv5xun65n8c7armazmm7996cgq7sgesu38j9qlsh70f45arg9qvswalen8,0.06651753,1,0.9256366719839813,605
72849f2f0154e98373295b49d26dec11230b0907395fbe90397d0e1fa87f4425,bc1qlzq4wep5u4zn6d64u07gsecdwvseqltkpxd2z7,1EdgM2Svuhg83A3YukwMPR3nsrB6zi41Ao,0.06,0,0.92550594276435,606
5700a2e1ee890a9ad2cd7668c5de22aca30e516d41afcb33335dda0068c57ee0,bc1q2r20r6lgdtl73j0gnmv8fhr6yysfqpvadsfw65,bc1qesrvsn8g7ln6rmtru5kmuve4cma37r9gsrd78w,0.025,0,0.9253323927926788,607
29447642098fe6561d5a8dca498335acb09e7247208942a4074e37810c52402d,bc1qxqvayry3jg665l4y62nlxn7wctreejh2r0t5a8,bc1qquq384neuusrswyn4lypmhn8rdtpvecw6a7ln5,0.17,1,0.9251443738344747,608
7a31f23cd60b8429ccb0c4aeb64d73b0335a589f84e16101b1f18b141503052c,1GqfipoMmAVgNRYGnvXxVek7jxyXvy3N23,bc1qkkz28p78pe4qm6uthe5ayfewx5p02yufsrsnf7,0.95477252,1,0.9243375419173625,609
439ec1ca36e3b913fced89cc3fa9a69cdea525dae6521ff917cbc7c844aea459,bc1q78etpvu72pu6y3vxxd8psdvj0x2tht0frgcf7v,bc1qgrn30jql9q5pkg95zf9qy48tndhlxdg0x682mp,0.42860371,0,0.9243090773266297,610
bee5e9ed7f04eec75adeceea696a6a7c85bb53944147b0654edc589636085644,bc1q2r20r6lgdtl73j0gnmv8fhr6yysfqpvadsfw65,bc1qtx5n6w4tj2sd93g7fmnd8rdqkhwjylrsmlngz7,0.00683,0,0.9240397424671138,611
b78d7a95bb9ee2bae4baa3621e38186594a497d296f7e1c86620e7c1768736c5,bc1q43727w99qpg58ykswgzvfth7skvaagd9l03ppp,1EdgM2Svuhg83A3YukwMPR3nsrB6zi41Ao,0.00634966,0,0.9238243993437638,612
099243eb2a48225aeebf6ca6a2383c16c8b6d93ca0b5de7b5c74502840c0df92,bc1qew9vzcy7ttzqc9mgsu2ank7882dj8eyz34q9s9,bc1qtd7t5d0efr6kvqn2sl5ckea5s74a6nk7a8ccfx,0.05513946,1,0.9236926922574927,613
2364bb1f68d3857536437ed410b3758f731b9f2ffc44f8bafc6e24718176200a,bc1pm5yzw72f7aamlyny757k9m5qmrncwypu8vlqc8vcd8wmnts3d8jsp38rau,bc1q8d6cluyekc57d5vx58y6dr5uzt9fq5kzpx2k4x,0.01158395,0,0.9233039345816391,614
98e86d2541b6500006985998ba49f0ebaf6dfc86d1b1386f326f5a2c62d7aea3,bc1qqpq4yrakqcfcr92l5ljygw2gx2kg9z7rw3874z,bc1qn40ceemt8r8w8juxfzlx39k525dyhrt8d3plas,0.05132629,1,0.9231885986380591,615
a93feadbfdb0af6c9a89431424cc37c8f236bd59703328fadfe8d379def75042,bc1qyrgkc29gfxjz70dkm40v3dfqj923m2gt28fd49,bc1qr9frqw7a8kamz2ncpawqst4gtdn9vf6apcdyuh,0.09092571,1,0.923185393924809,616
de93a25400445e573dea5f5ea28b72fd5f8beb0deb28aa876c20a630955d4d0c,bc1qgrn30jql9q5pkg95zf9qy48tndhlxdg0x682mp,bc1papafvlxzn2l66e85rq6fewa3lejhmszpkdkq9wkjp2nrfvd306dsv8hvgy,0.00134042,0,0.9231427998323924,617
9e1fb4b1e930a15c36c6a75f63f55589d3c5cf67251ac748d9eb00d5fbc26169,bc1qguaund6dh2sxslzxcpy47nn4q76rqfcg0q4py4,1EdgM2Svuhg83A3YukwMPR3nsrB6zi41Ao,0.02,0,0.9229947699369062,618
c40364a4c4ad07491eeb7b77b4c8a4cd9fc66ee357086938d5dff099403e3bd7,bc1p70rh8w3xfat6d8ef4p2h64agvhahu4jr9ypd8kyetmwdh0aeyplsac94uv,bc1q43727w99qpg58ykswgzvfth7skvaagd9l03ppp,0.00198829,0,0.9229877412569754,619
e30b29d035fd613e8146a81dd1944ed4ed81ad7d71bd06dfa3c5eff86bf5c3dd,bc1qe2szv0tz6qznnxtyda8nw3ufjqfp77xc8ndphv,bc1qd6vumr6k0zvx7zhgv3avx37fz04f7t2pyj4khg,0.14999067,1,0.9228670506146064,620
c9173065ea208771ca3680dab216eccf09d0462c2d6948d2d6083908a8cdc494,bc1q0twskcu3atcqt0nhk7uvmcmnsx48ml40fcu80w,bc1qs7an4wnfwgqang8w3favellvr06vs2f6n4l2e0,0.05114596,1,0.922658875963271,621
6981c232177269a4e51bcf786e6230d0d96e49cd2fc0f2f349299557bc74d9a6,bc1pvv5xun65n8c7armazmm7996cgq7sgesu38j9qlsh70f45arg9qvswalen8,1PAtpVq7PoChFou7qo2QzvcixnYQELU25H,0.10001462,1,0.9226343794367967,622
08a0397844c2c3c341a90e8b2bfec9d94ad2c8bf996035d7b87a9aca806ab607,bc1p8f2gxldq840gdpd84mfg7j29squz3en0mhchd4ys3sakwfj8m4qsfkkg40,bc1ph9gfvvegayt9v6f4zygdjhmvkgw73j0xzqanxxtuf4ysd887v8tq0qvtlk,0.25,1,0.9224608133532977,623
a7ddb710bd0afaa21c1fc754f84e86cc2034b9ec2faa708b070f0c6c09347e71,bc1q8d6cluyekc57d5vx58y6dr5uzt9fq5kzpx2k4x,bc1qfhp6r9kk8m8lteygcv7ydd3hkvcsgfqnr8wdqu,0.1275,0,0.9224388445426045,624
05383aec43568c2ef4e23d8ba4cb5d028bd6c9f7e03c0343c55c82eefc152239,bc1q2c43pjpw3m0pn4zw7eemvk38uz3awmm5tsa32u,bc1qgrn30jql9q5pkg95zf9qy48tndhlxdg0x682mp,0.17089546,0,0.9220178696263374,625
51e423ec5a164a7143748ae4139ee3af8d4fccbe585519cf2b4eb0bb2e880dfe,bc1qgrn30jql9q5pkg95zf9qy48tndhlxdg0x682mp,bc1q36965655yputwh6k55acurs9g2t0exwdanzmdv,0.01090701,0,0.9219818594736493,626
5ab37fc4f99348000416f0c5c6444c59cac34312ed0100bd238262b3d8b20273,bc1q43727w99qpg58ykswgzvfth7skvaagd9l03ppp,bc1qechhuvpkq4mtuu223q3k5d95vlzs5sm5mnukac,0.00198829,0,0.9219513398040036,627
a1ddad5f036d6e2dd964314cb53a258f5f8267dec284487430161c04236000c2,bc1qguaund6dh2sxslzxcpy47nn4q76rqfcg0q4py4,bc1q67q30drsdc05u2m2ly5qsgfg0yjhu6uu8hmnar,0.003,0,0.9218778754203103,628
d68cba0487c007131aa05cfe34e032551bb724910519f21efbc04e76ca82052f,bc1q78etpvu72pu6y3vxxd8psdvj0x2tht0frgcf7v,bc1q8d6cluyekc57d5vx58y6dr5uzt9fq5kzpx2k4x,0.24852082,0,0.921863255582589,629
115bb6614adb87c37a1190b3e5b0ef53dff6764ea9e68a67c5e319a17431e648,bc1qej7yjgy6zv5ndajxwvckv59hkdf28y9pdu95mj,bc1qp94yzjmj9rkzytvdcakctvnj63qwmckja8m90h,0.54445255,1,0.9214605181072975,630
c85610ba50c6e3dd8ee4fccd2813dcd4fe65af00f8e986f6ffb9e8d43e4ec85f,bc1pvv5xun65n8c7armazmm7996cgq7sgesu38j9qlsh70f45arg9qvswalen8,373rkRFMdR9ZxAcTBM1zhCcU98FiVGsiDL,1.0,1,0.9213279318421871,631
33ba19e642b6184b34f66c5d1824de2e24d800c416b2d8452e4d124aeca49f25,1PaZxnTaE825x2ZmjYfJ7TEQXugi3X7YqV,bc1qc54gtq64rxud93z0zsdhmuyhzm8akzx7s43dzu,6.72698143,1,0.9212142600757507,632
9e1fb4b1e930a15c36c6a75f63f55589d3c5cf67251ac748d9eb00d5fbc26169,bc1qguaund6dh2sxslzxcpy47nn4q76rqfcg0q4py4,1EdgM2Svuhg83A3YukwMPR3nsrB6zi41Ao,0.009,0,0.9209401823346761,633
64f3a47b9f16de7bde5d909c62bf78184b155e109eafc154485b28e9ac91cf35,bc1q43727w99qpg58ykswgzvfth7skvaagd9l03ppp,bc1qk0zrww0gaam9wy3g0svgu935nd2lje99yku5g5,0.13587247,0,0.9208523980597866,634
6981c232177269a4e51bcf786e6230d0d96e49cd2fc0f2f349299557bc74d9a6,bc1pvv5xun65n8c7armazmm7996cgq7sgesu38j9qlsh70f45arg9qvswalen8,1PAtpVq7PoChFou7qo2QzvcixnYQELU25H,0.18999076,1,0.9207462833991307,635
93717cea49e86b609a6df37d853ac42cda87dd9ecf240913b61b3efc8050f107,bc1q8d6cluyekc57d5vx58y6dr5uzt9fq5kzpx2k4x,bc1q3n560kt33l6d5rfujtvj2e8v7sqfc9lqddedq3,0.0046188,0,0.9207212510438396,636
7ce4eb5974e6db56ce4e281066c5a2fb86aa5ff84fed6ed882cc4b35a70580e8,bc1q43727w99qpg58ykswgzvfth7skvaagd9l03ppp,bc1q2r20r6lgdtl73j0gnmv8fhr6yysfqpvadsfw65,0.00556,0,0.9207191775206895,637
487d2226a7d61219b09fdf336b136fd1d0ed6a23b14d335fd01998c102c11e37,bc1q43727w99qpg58ykswgzvfth7skvaagd9l03ppp,bc1qesrvsn8g7ln6rmtru5kmuve4cma37r9gsrd78w,0.01455,0,0.9206425820291798,638
07472cd6129cfda982711fd82d75efba4ba1c5a0b4effdde5088d61290523456,bc1qlqw4vhzf9as70xu4hrcvpgnftyp0gyqsqgwhlm,1JA3uB7tQkRAR7LuzAYmPXnua1XZts3cNs,0.53255781,1,0.9206176972373588,639
6684c6d1676d41cdff7d104cfb3fed3a1fd2ed7fdea7f6d87b1c51c9a411bd54,bc1qgrn30jql9q5pkg95zf9qy48tndhlxdg0x682mp,bc1qe9y9f40fz896kmtfy9xm2gqy0tvecr00qakp9f,0.005,0,0.9205791784741709,640
6684c6d1676d41cdff7d104cfb3fed3a1fd2ed7fdea7f6d87b1c51c9a411bd54,bc1qgrn30jql9q5pkg95zf9qy48tndhlxdg0x682mp,bc1qe9y9f40fz896kmtfy9xm2gqy0tvecr00qakp9f,0.01584149,0,0.9205530082098389,641
487d2226a7d61219b09fdf336b136fd1d0ed6a23b14d335fd01998c102c11e37,bc1q43727w99qpg58ykswgzvfth7skvaagd9l03ppp,bc1qesrvsn8g7ln6rmtru5kmuve4cma37r9gsrd78w,0.01440027,0,0.9205105924962098,642
d9d5069ab72d5b2e6d8cff84c906c87043e836584992a6f5858935c0e0c81be4,bc1qnz06cv84gr6yld02avwpzd2cvnf5lxhmnuq62z,bc1pw9a63kstgl9p5h3l7rmm3u4pzg0a4vwgz9q0lkh6nrmlv3xzcvlqlftw2l,0.07156457,1,0.9204994995460684,643
c96d16d76ab7877bd340c4c585856b4c4b887285e93db9b8630463376c3f8402,bc1q0kyac4dd3k2fsxwsltz464tcxmyd93wj72nvd3,bc1qnhdtckctqgmntehakqsft5vml6edztgfkjmujg,0.56161354,0,0.9203918114032023,644
b6f8ae8e6e41622f9c705bc7b0de0025cba85bc1b4e542fe9034b597d6582fd7,bc1que77y304x4aegy9dzxpsjrsegzlz3t7fy9rq9c,32e1gM2J71ioextUheVUYc3KfoM7QkMXXZ,0.24320703,1,0.9203686615874906,645
41e6af3125c09da3c9a745c22fc35e6f6d73ad760332c1e444a01b76cfa309f1,bc1q8d6cluyekc57d5vx58y6dr5uzt9fq5kzpx2k4x,bc1qm5z2m9gm9rr7pdrax5wdlewz6zg9hnq5p7hhjh,0.01484845,0,0.9202317478738634,646
b78d7a95bb9ee2bae4baa3621e38186594a497d296f7e1c86620e7c1768736c5,bc1q43727w99qpg58ykswgzvfth7skvaagd9l03ppp,1EdgM2Svuhg83A3YukwMPR3nsrB6zi41Ao,0.019,0,0.9198825465400701,647
20120e55be8f72f16a6ea30b147b915a58038ee75e36388b5969c46bb4d63026,bc1qqpq4yrakqcfcr92l5ljygw2gx2kg9z7rw3874z,1EdgM2Svuhg83A3YukwMPR3nsrB6zi41Ao,0.01,0,0.919728720782816,648
434a76cf275f9ede1c90e63d1d085048a61ef71f47e7989b36b51b1c323a1924,bc1ph9gfvvegayt9v6f4zygdjhmvkgw73j0xzqanxxtuf4ysd887v8tq0qvtlk,bc1pvv5xun65n8c7armazmm7996cgq7sgesu38j9qlsh70f45arg9qvswalen8,0.50007193,1,0.9197179836795099,649
9494417f3be91d9161e3987266c832f2bfff2d04a80f51157d2c90160b68bed3,bc1qa635wdd9hay8z835mwlpjwxszjtmamsjd2w0vq,bc1qwumavgafjtu2vleyjaaychge4algvsph3p2esv,0.03978,1,0.9195963557076413,650
8e243f34aa75773c3ceba84d32e0d9d14fe665c619637bb232bba09e926cf8c5,bc1q8d6cluyekc57d5vx58y6dr5uzt9fq5kzpx2k4x,bc1qesrvsn8g7ln6rmtru5kmuve4cma37r9gsrd78w,0.01501325,0,0.9193491136287595,651
7d0ee93629838a4c2c2ae31ddeebb7d4e97834d0c3421bb0b63aebf95dc4ba9f,bc1q8wsp76a3q7d7n5n5hewk24njcgffavcg0wj4rf,bc1q425sf8pjdqnf7h9lz7kdtz29qp4hsdln9hj4c0,1.0,1,0.9192719624007292,652
487d2226a7d61219b09fdf336b136fd1d0ed6a23b14d335fd01998c102c11e37,bc1q43727w99qpg58ykswgzvfth7skvaagd9l03ppp,bc1qesrvsn8g7ln6rmtru5kmuve4cma37r9gsrd78w,0.06,0,0.9192196828408729,653
270b6cdd00fc21b00651295e835529be39ffb53de99e65a952ee0f8cb8c2ce4f,bc1q9zy2qett7d06hnvv6rzdml0m62gtxzcjapehsr,bc1qtzg2n5g053rwl2lpsfnltpmkemfykredseus45,0.5599531,1,0.9191755698384353,654
6684c6d1676d41cdff7d104cfb3fed3a1fd2ed7fdea7f6d87b1c51c9a411bd54,bc1qgrn30jql9q5pkg95zf9qy48tndhlxdg0x682mp,bc1qe9y9f40fz896kmtfy9xm2gqy0tvecr00qakp9f,0.021,0,0.9191687098417809,655
720f158f2ce72737a923b7e10eee6ce838c89bf9423b6f913cb6868d7744b220,bc1q78etpvu72pu6y3vxxd8psdvj0x2tht0frgcf7v,bc1qgrn30jql9q5pkg95zf9qy48tndhlxdg0x682mp,0.484283,0,0.9190381801429426,656
b632e3191588f0542934ad57b4bf8489c0b6843db86f32d04457819d77effaf4,bc1q78etpvu72pu6y3vxxd8psdvj0x2tht0frgcf7v,bc1qgrn30jql9q5pkg95zf9qy48tndhlxdg0x682mp,0.48783814,0,0.9190381801429426,657
9a3b5f53e95844788fc45340121b00a3a6be16e5df2b6c679ad574abecf27e5c,bc1q78etpvu72pu6y3vxxd8psdvj0x2tht0frgcf7v,bc1q43727w99qpg58ykswgzvfth7skvaagd9l03ppp,0.44640777,0,0.9190381801429426,658
dc1e77f450349f89e1d5bb840140dd40df4c1e9c30beb8e9053557fd2723758f,bc1qgrn30jql9q5pkg95zf9qy48tndhlxdg0x682mp,bc1qtgjx7rcfxcymj9s4xwrrwwps6f6y88dezflfa3,0.0116,0,0.9189032014086268,659
fc17552846060ce36a338e970ebcc26827b8b9acc55c7192323992c5025bab05,bc1qw4wulrzygkflhty2f6yqez9tvqylsdtwuxfw3d,bc1q7prsvz2l9kzcg5der0nejxqkrczujwt5vdkyln,0.28323712,0,0.9188617929584493,660
e8f5393fcfc09f11b08e814a7752d6782f3ba4512ab882da8701ca2e0430058d,bc1q8d6cluyekc57d5vx58y6dr5uzt9fq5kzpx2k4x,1MxZqPVEtVoPG3aHywFGKKRhhgMFkz1TfG,0.0117,1,0.9188053247791026,661
64c9c0a56db8b64e4ab67628d8790c7c0fc626b2159831f063270fc02b9a9938,bc1q43727w99qpg58ykswgzvfth7skvaagd9l03ppp,bc1quw3zk3c39vxx0zpmzkuqmdr9f8sl4lg2cdux86,0.00550493,0,0.9187645763730049,662
45fa6c73b399bdff3d5d7dddcb272e094733964a7992c19f5ca1547378c1eca5,bc1qd59t4y79apxeujdjmw8ql7vygzjt2rlle7esct,bc1pzyzymqgpvckf5n5alm8pc6paxfwtn75q4mjgnnmvzzffnktsk6gq204nxv,0.38878393,1,0.9187576636035201,663
f3d052c6e87d5c9f017e5366fe6ee293e81d019aeb4575bbe2795488162830bb,bc1q43727w99qpg58ykswgzvfth7skvaagd9l03ppp,bc1pa8f05ynwsyaywkwwskc56x0je5hzvynyl3pkf9r7hvtfv6lf8qksv8p5fx,0.00280895,0,0.9185661626591578,664
e5688308cbcfdea060d07aba8b47bd5412b975fa8bd0dee5c4ce564b21c7262d,bc1qgrn30jql9q5pkg95zf9qy48tndhlxdg0x682mp,1GAfimnjEZgUqiie2NZbbWxBuFJdC9dFNt,0.01229674,0,0.9183588809940513,665
ba3d5be9159b46028d6acc525ed1fce66e00b500e48f28e139daf0165556ced9,bc1qgrn30jql9q5pkg95zf9qy48tndhlxdg0x682mp,1EdgM2Svuhg83A3YukwMPR3nsrB6zi41Ao,0.0062,0,0.9182750837328222,666
5ae3b662f4ca9279e5791c3899ff5c6909daa297157c74d8a32d23035020ba0c,bc1q78etpvu72pu6y3vxxd8psdvj0x2tht0frgcf7v,bc1q43727w99qpg58ykswgzvfth7skvaagd9l03ppp,0.46770849,0,0.917865920227633,667
45e78add22907a921d20a17ed5ef7d4387b0b66eabb1148abde72d1a1670a2af,bc1qgrn30jql9q5pkg95zf9qy48tndhlxdg0x682mp,bc1qnxe6qntxa94vnv8hfq446hw6ey3lkul9wfpk7e,0.0001,0,0.917629176149192,668
fb004bf5b145ef39728c5e31c27b8c2e8169a2a53dd673a0b9aadb465ec63d03,bc1qqpq4yrakqcfcr92l5ljygw2gx2kg9z7rw3874z,bc1q3qja7a5s6v0swdh5dvgwmqy2zcdjnktjt3krp2,0.0001,0,0.917629176149192,669
04150d00f3b59111a39cb9d40c3fb5bba81f58beee4d7e52ae04d494616ce9b7,bc1qgrn30jql9q5pkg95zf9qy48tndhlxdg0x682mp,bc1qwwhgpsf3e6uwkgp536srmkf26x8flserp2py5e,0.0001,0,0.917629176149192,670
58706019e0e588af133718330c1a28320bd0f976f0a8ae1edee4e84a80e368ea,bc1q78etpvu72pu6y3vxxd8psdvj0x2tht0frgcf7v,bc1q43727w99qpg58ykswgzvfth7skvaagd9l03ppp,0.49216476,0,0.9176184475176558,671
b4d14a45c7537e37c9e71d8e7e4731f5fb91a770f8df5f59267dcde152b1d113,bc1qu8mvqszp8rnzv8tudd3es207hzcw9cv0mmr7f3,1EdgM2Svuhg83A3YukwMPR3nsrB6zi41Ao,0.0001,0,0.9175101285301445,672
4f855f25a0925b70ea06114a42265de93789b3f6b3b8311dc13fd4dbeacb0a3d,bc1pvv5xun65n8c7armazmm7996cgq7sgesu38j9qlsh70f45arg9qvswalen8,373rkRFMdR9ZxAcTBM1zhCcU98FiVGsiDL,0.3,1,0.9174179609415971,673
80e76ea27c326442f32f1fa21af0da420ce400045c18bf2c0be1ae98aa4fd39f,bc1q78etpvu72pu6y3vxxd8psdvj0x2tht0frgcf7v,bc1q8d6cluyekc57d5vx58y6dr5uzt9fq5kzpx2k4x,0.48927946,0,0.9173875854286325,674
afe55c7affeca55000aa46f2cd8e50865653313f9a3aaeb40d6477195fecc7f3,bc1q78etpvu72pu6y3vxxd8psdvj0x2tht0frgcf7v,bc1q43727w99qpg58ykswgzvfth7skvaagd9l03ppp,0.47533857,0,0.9173875854286325,675
bee5e9ed7f04eec75adeceea696a6a7c85bb53944147b0654edc589636085644,bc1q2r20r6lgdtl73j0gnmv8fhr6yysfqpvadsfw65,bc1qtx5n6w4tj2sd93g7fmnd8rdqkhwjylrsmlngz7,0.01,0,0.9172326646094401,676
69ae9f1274a97356f58df982a1555f969b88fbcde17ee23957148f39f766767e,bc1ph9gfvvegayt9v6f4zygdjhmvkgw73j0xzqanxxtuf4ysd887v8tq0qvtlk,bc1pvv5xun65n8c7armazmm7996cgq7sgesu38j9qlsh70f45arg9qvswalen8,0.02643091,1,0.9171886072716127,677
19f094138e23d0ba0f23d6fc502abe3d30853403a3f6e919eb2cec04f88cac9d,bc1qkpuc26xq2rgrcalhmaee20mwhfq7gh56dymsnj,bc1qw7d3q2382fups7tqh4pmhf7ztmf06tpqtkaya2,0.27747546,1,0.9171617900221601,678
fe74092d355ed7c395c82cf2eee44af78ed4e6e94197e01be55d675f3adc5a4a,bc1q6tl9m5tyvm5lr69t49n6dggnrgzfcgjfuy46gg,bc1qwlthlqwrjlhj0lcxtww7dml75nv2f22u9ypsgd,0.40728085,1,0.9171184475176558,679
8dd3d4e6a68e11ffd32e35554365077fa5bddaa72edba61fe8d1bd7a7a5a7194,bc1q8d6cluyekc57d5vx58y6dr5uzt9fq5kzpx2k4x,bc1qesrvsn8g7ln6rmtru5kmuve4cma37r9gsrd78w,0.0002,0,0.9169834279706834,680
72849f2f0154e98373295b49d26dec11230b0907395fbe90397d0e1fa87f4425,bc1qlzq4wep5u4zn6d64u07gsecdwvseqltkpxd2z7,1EdgM2Svuhg83A3YukwMPR3nsrB6zi41Ao,0.00011562,0,0.9169064487330998,681
40d6aad5194aaf5445b413531438a8539be46db195ffbe707340d87a1ecd3a07,bc1qpulxwl58r3xhc0wy7mh4hs2j9xy2afs82zk8es,bc1qwm056f7yh256sh5gu93g8e23k6cfjkcgdrmar8,0.15947274,1,0.9168139133250698,682
fc1b7dccc8bfb60b348181e87d438c1b3bb0d525fe50c2c843f91297a50c0757,bc1qgrn30jql9q5pkg95zf9qy48tndhlxdg0x682mp,bc1qlzq4wep5u4zn6d64u07gsecdwvseqltkpxd2z7,0.00021,0,0.9167993705912117,683
6081be1794de799a509c88649ea480f1ba678846bb9949e5e6141fc33f9454ec,bc1qp8vpvzwl6lgzj2d46y2f4gcquzw0gxwmgjd8ap,bc1qw3xlude8v96z5l5sut79y6pxegwzvllwwmajr3,0.72021543,1,0.9167374446645417,684
d5bcc826d8cc2a667922acfa78a5abb89799a08202a2f71e5c42b5d63c4cf0f7,bc1qw3xlude8v96z5l5sut79y6pxegwzvllwwmajr3,bc1qlqw4vhzf9as70xu4hrcvpgnftyp0gyqsqgwhlm,0.63956526,1,0.9167169344194518,685
d85503d6152518c5bed4f8f75f5b069d68fcbd4e91d0bcf37e95913f8572b94b,bc1psfgd64hzm5f7l3p8meamq09fle2sx74qphmze6nz8xk6lxztvpwq3l5hmx,bc1ph9gfvvegayt9v6f4zygdjhmvkgw73j0xzqanxxtuf4ysd887v8tq0qvtlk,0.2,1,0.9166885509047158,686
fc17552846060ce36a338e970ebcc26827b8b9acc55c7192323992c5025bab05,bc1qnv5xav8hrqvrkwsaeh9hevkdqaggddwk7j36tu,bc1qgrn30jql9q5pkg95zf9qy48tndhlxdg0x682mp,0.759273,0,0.9164764640873839,687
02c441e27993a080a5ab336a87978c5a7fcc6b3c5fffb120be4d6da9447d789e,bc1qa0pkfxfcyzmhgfz5mvpk45p2tpctk7sm3mkyzx,1EdgM2Svuhg83A3YukwMPR3nsrB6zi41Ao,0.00013,0,0.916449849123559,688
e5688308cbcfdea060d07aba8b47bd5412b975fa8bd0dee5c4ce564b21c7262d,bc1qgrn30jql9q5pkg95zf9qy48tndhlxdg0x682mp,1GAfimnjEZgUqiie2NZbbWxBuFJdC9dFNt,0.00012771,0,0.916449849123559,689
60273009cb592359c70063cf25480b9fe80ee1642631c3c369cf4423e87351d8,bc1q43727w99qpg58ykswgzvfth7skvaagd9l03ppp,bc1qqrm8uv8c4lkh3js7xevrg2jc54nexq7jdpxl6m,0.0105,0,0.916441449664965,690
d87b6fdb5d36eb9a1928bdefb58f77396eeedbe177c3027188907adab38debf3,bc1ph9gfvvegayt9v6f4zygdjhmvkgw73j0xzqanxxtuf4ysd887v8tq0qvtlk,bc1pvv5xun65n8c7armazmm7996cgq7sgesu38j9qlsh70f45arg9qvswalen8,0.16133,1,0.9160457051979983,691
9fa6b3fbd18a37e22e740be54c3df1416f3c424d33b2efa6fb85760f5546df06,3AM3Nq19iMsDtgfP1EfsX5Y6erocQPdUAo,35MRSc5CLDEyMm8Tn1mesRcC5z4KCAfbtU,0.51093843,0,0.9156829359347596,692
7ea1b728e13f7110c1d0bb0bd2fddcf48b8be11eebeed1a0831851ba4cbd38a0,bc1qzj3qezrduncx5k46p3yxkxctqgm88lycmlcyva,bc1qdklcxh7zr64p800yeygxeumkevq6tx0gufnxen,0.52378578,1,0.9156248190620314,693
ddbbbc5ce321a4f7c317a7c911db799fc3d43946d773c4586dcde608cede6d58,bc1q8d6cluyekc57d5vx58y6dr5uzt9fq5kzpx2k4x,bc1qngtkgl0pdvfmda22vjap6rl9wsz2zmlxqnekxr,0.0125,0,0.9155709464443731,694
cae9691fdd0b91301a0cfe51cd6fea004fd0d8452269351227e729b1b56e3dd8,bc1q43727w99qpg58ykswgzvfth7skvaagd9l03ppp,1EdgM2Svuhg83A3YukwMPR3nsrB6zi41Ao,0.02227781,0,0.915474972047998,695
06976903f4e76d133e4800f00ac202cf0fe24b93bc1126845ea093557c6dafde,bc1q8ewxra8ap7pefvdekgp3yksq24ll7xpyakqvng,bc1qa0pkfxfcyzmhgfz5mvpk45p2tpctk7sm3mkyzx,0.00597399,0,0.9153169507984674,696
73dd2af363c4e52ccccaeeee0a0cc831305872f5dc2616ca72c8fb9e419c777f,bc1qffc8xa8fn93s0dqyz22p5lxzuw75xv9t2a2quj,bc1q82telvmwxnkdkreen7nlqr7p6qzhh5tshvuv4v,0.0101049,0,0.915265951934045,697
608cc6b105ea111ff02540af010b7db96f886511285a94f5b356a005050bb6ef,bc1qgrn30jql9q5pkg95zf9qy48tndhlxdg0x682mp,bc1qesrvsn8g7ln6rmtru5kmuve4cma37r9gsrd78w,0.00014054,0,0.9151633202568448,698
8242b324e9ac3baedb3a83c3325cbec0a6815c095fa596ede2d49b25c7481fee,bc1q43727w99qpg58ykswgzvfth7skvaagd9l03ppp,bc1qyyfs2jhn2a7pt30ekrnn969ch63mcp4ufay94h,0.0003,0,0.9151247677323588,699
21811674b05be00afaf0f370c95262bc44cdbf6a4fab609879f8817fca34cedf,bc1qa0pkfxfcyzmhgfz5mvpk45p2tpctk7sm3mkyzx,1EdgM2Svuhg83A3YukwMPR3nsrB6zi41Ao,0.00015,0,0.9150442726377972,700
d9d5069ab72d5b2e6d8cff84c906c87043e836584992a6f5858935c0e0c81be4,bc1qnz06cv84gr6yld02avwpzd2cvnf5lxhmnuq62z,bc1pw9a63kstgl9p5h3l7rmm3u4pzg0a4vwgz9q0lkh6nrmlv3xzcvlqlftw2l,0.06844266,1,0.9150267656959037,701
45e78add22907a921d20a17ed5ef7d4387b0b66eabb1148abde72d1a1670a2af,bc1qgrn30jql9q5pkg95zf9qy48tndhlxdg0x682mp,bc1qnxe6qntxa94vnv8hfq446hw6ey3lkul9wfpk7e,0.0095,0,0.914979531083325,702
bee5e9ed7f04eec75adeceea696a6a7c85bb53944147b0654edc589636085644,bc1q2r20r6lgdtl73j0gnmv8fhr6yysfqpvadsfw65,bc1qtx5n6w4tj2sd93g7fmnd8rdqkhwjylrsmlngz7,0.00029012,0,0.9149014774796878,703
02c441e27993a080a5ab336a87978c5a7fcc6b3c5fffb120be4d6da9447d789e,bc1qa0pkfxfcyzmhgfz5mvpk45p2tpctk7sm3mkyzx,1EdgM2Svuhg83A3YukwMPR3nsrB6zi41Ao,0.0224,0,0.9147073265723301,704
1f04536cc0880100da46e5223804bcd6c6bd67ef73767cc441f56cb94b37e904,bc1qzjzjkag379y47zuzg3suqcs89ygmw6apku7x6w,bc1qe2vkv6ey63r3j289tl7u9rlp32zgz499tzk9tq,1.0,1,0.9146588222033968,705
f0f7894ffa979e7af653ec6c87b9a6f6f31f5b60986cca52f6a0e69bf893ffd0,bc1qgrn30jql9q5pkg95zf9qy48tndhlxdg0x682mp,bc1qesrvsn8g7ln6rmtru5kmuve4cma37r9gsrd78w,0.15783164,0,0.9146228547255428,706
7ce4eb5974e6db56ce4e281066c5a2fb86aa5ff84fed6ed882cc4b35a70580e8,bc1q43727w99qpg58ykswgzvfth7skvaagd9l03ppp,bc1q2r20r6lgdtl73j0gnmv8fhr6yysfqpvadsfw65,0.00964,0,0.9145305968888241,707
60273009cb592359c70063cf25480b9fe80ee1642631c3c369cf4423e87351d8,bc1q43727w99qpg58ykswgzvfth7skvaagd9l03ppp,bc1qqrm8uv8c4lkh3js7xevrg2jc54nexq7jdpxl6m,0.003,0,0.9142012331512251,708
7a31f23cd60b8429ccb0c4aeb64d73b0335a589f84e16101b1f18b141503052c,164KygsvvDzXMwjzVkSLogrubqsNsMgLRP,bc1qkkz28p78pe4qm6uthe5ayfewx5p02yufsrsnf7,0.87968345,1,0.9141586810523569,709
fb004bf5b145ef39728c5e31c27b8c2e8169a2a53dd673a0b9aadb465ec63d03,bc1qqpq4yrakqcfcr92l5ljygw2gx2kg9z7rw3874z,bc1q3qja7a5s6v0swdh5dvgwmqy2zcdjnktjt3krp2,0.02653751,0,0.9140486581884102,710
aa4f1cd4ce553f07ef60450f416a7259421794e35fd2b83a7294f937da99c174,bc1qdfl3dfnwwvlqa5jpckh0ccwpjczh5y566c4g76,bc1q8pmuc2v0cku2ty0rfxp2jyvrhv6lpsjzq9y6s8,3.19043334,0,0.9139030495415582,711
fed6d247b2bac9c07a42250acce3b7d3dcc755e8eef8d17479ca51bfd5ecf01d,bc1pk0a3w7wr2uuz2pmvnw7nl8uh2rqeujqcamzacd9d704sypjsjzssn6l397,bc1ph9gfvvegayt9v6f4zygdjhmvkgw73j0xzqanxxtuf4ysd887v8tq0qvtlk,0.18931361,1,0.9138941878193269,712
339ceaf897175225827b33b3dbf9ecda575d43c52f478347a434ea816908d4b5,bc1qgrn30jql9q5pkg95zf9qy48tndhlxdg0x682mp,bc1qesrvsn8g7ln6rmtru5kmuve4cma37r9gsrd78w,0.0653,0,0.9138313699141751,713
60273009cb592359c70063cf25480b9fe80ee1642631c3c369cf4423e87351d8,bc1q43727w99qpg58ykswgzvfth7skvaagd9l03ppp,bc1qqrm8uv8c4lkh3js7xevrg2jc54nexq7jdpxl6m,0.00027921,0,0.9138212216200279,714
8242b324e9ac3baedb3a83c3325cbec0a6815c095fa596ede2d49b25c7481fee,bc1q43727w99qpg58ykswgzvfth7skvaagd9l03ppp,bc1qyyfs2jhn2a7pt30ekrnn969ch63mcp4ufay94h,0.01803904,0,0.9137751089544536,715
f6d9e155b50b0c0588d6e9e48039bc06ca15a17d3b7eadf249580a9643670f0b,bc1q78etpvu72pu6y3vxxd8psdvj0x2tht0frgcf7v,bc1q43727w99qpg58ykswgzvfth7skvaagd9l03ppp,0.2398395,0,0.9137058294407966,716
dd1a53956025502c5b78e9bfd8165fea7ee967b1eea1542a6345aa038b2e6600,bc1qvwz9yk02z5t4zxl4nj39wkegemtfppqnutuldm,bc1p43akkgss8g53djslnlvl4jxy4el8dh6wxhrt70z6vht30yu7urjqhyk2ve,1.0,1,0.9133789950723343,717
02c441e27993a080a5ab336a87978c5a7fcc6b3c5fffb120be4d6da9447d789e,bc1qa0pkfxfcyzmhgfz5mvpk45p2tpctk7sm3mkyzx,1EdgM2Svuhg83A3YukwMPR3nsrB6zi41Ao,0.001,0,0.9131783152207619,718
b78d7a95bb9ee2bae4baa3621e38186594a497d296f7e1c86620e7c1768736c5,bc1q43727w99qpg58ykswgzvfth7skvaagd9l03ppp,1EdgM2Svuhg83A3YukwMPR3nsrB6zi41Ao,0.047,0,0.9130678202406298,719
c2d4d4905c959dc00d9fafa2909f40732d902c9fb792ea1195859c8f758c9a68,bc1q29lj9hhwsrxlhnsqxwpx5mycljt6ghn0emugrs,bc1qa525l97y6lu7z8py95fx662c2jnwag09jdrh3w,1.0,1,0.9129589980689888,720
7c0e666e1c2c7be51fecc4f5422dbfabbcbec69bb1cd14743a4c334c2635998b,bc1pgwtpkr242qnvzdrjm4pg68xmk7l5layy3w35ccleqcgerzqjukqqqmng5l,bc1ph9gfvvegayt9v6f4zygdjhmvkgw73j0xzqanxxtuf4ysd887v8tq0qvtlk,0.21797592,1,0.9128731720500695,721
c1e211a5162113d1cc97e2a6edf72a8fb162214fddbe94dc658ad6abf2892fd5,bc1q43727w99qpg58ykswgzvfth7skvaagd9l03ppp,bc1pmrq09h7g54j5a7ftvc282pgn06zpj4xdqrwtc8xefhx8vmr9nhnsrakq6y,0.00011506,0,0.9126662754950123,722
cfad81773e9289c0b6230586e221ed7fd8f912604bd4e827bb60019ccd677682,bc1qr375m4qgjphel5enwnpsdyjxj0shu97dy5pe7t,bc1q8d6cluyekc57d5vx58y6dr5uzt9fq5kzpx2k4x,1.0,0,0.9123373284056677,723
230dea9e900f6d109dde54f85e6ebe365c2734096f9413bac159f2878f60cfed,bc1qyufatfszt8hjlh2wna7uy4k5x5nae5vxpmskty,bc1q8d6cluyekc57d5vx58y6dr5uzt9fq5kzpx2k4x,1.0,0,0.9123373284056677,724
d1a27e241ed95bb25f49535ba8d42fe1bd7283ce04768a3eb536eed525fbab2a,bc1q8d6cluyekc57d5vx58y6dr5uzt9fq5kzpx2k4x,bc1ptetg4ejupgta53xqu9nxrf09l6s7tgvnrheg8gtnnd6jzvw389lqm6226s,0.00012,0,0.9121805612092981,725
6f9cf1134a3f5acb959f215f9ebd796bdf7e714ec69c2baed3cf35c5307ce458,bc1pps7d9fzny9rxy8kqtmt0djuhggludg9aus64hp8zjka65z3hvlfsa8c07h,bc1q2r20r6lgdtl73j0gnmv8fhr6yysfqpvadsfw65,0.51,0,0.9121623505962407,726
b628380a928b3134ca10c533fe0422055f8df55ae944bac7a7926697ecb9ce8f,bc1qengs6hshlsrurhy4wzt7dr3m22gakmxhky7kee,bc1q265u86ma08rvf37dmu5aau5v63qqyanpm6jdud,0.38724213,0,0.9121402909314117,727
353750f4b25a5a62accf20486073f618a8e594eb62839b2313c07308571e8ddd,bc1q04rf66rzp0k0nrqpwsxxpskawa6e4c26lc350x,bc1qv24uerzwyt37ruum4fvnjn9cgdrgvz88n7xjwj,3.62341619,1,0.9120675329046872,728
487d2226a7d61219b09fdf336b136fd1d0ed6a23b14d335fd01998c102c11e37,bc1q43727w99qpg58ykswgzvfth7skvaagd9l03ppp,bc1qesrvsn8g7ln6rmtru5kmuve4cma37r9gsrd78w,0.00221,0,0.9120395153137002,729
fc1b7dccc8bfb60b348181e87d438c1b3bb0d525fe50c2c843f91297a50c0757,bc1qgrn30jql9q5pkg95zf9qy48tndhlxdg0x682mp,bc1qlzq4wep5u4zn6d64u07gsecdwvseqltkpxd2z7,0.00120927,0,0.9116746917898346,730
0821ef216047f9d45a35fe54be2e78546bfb4d474405337d902df2e5a48c7a75,bc1qwxfc7zrk3fru23elr724nqvz8ghwfa62tmsnyg,bc1qqk9dxajp5e6k4lcxaq95ud2x7nzneg54ne3hvm,0.39521054,1,0.9116257311851101,731
f322f09af000529c852ea693107d4201f9c54a3e6495a277631feb8e8f40a443,bc1q78etpvu72pu6y3vxxd8psdvj0x2tht0frgcf7v,bc1qgrn30jql9q5pkg95zf9qy48tndhlxdg0x682mp,0.38142486,0,0.9115985366704195,732
5c3b42db3fa591d7827f1a5999e5533d78260e110f17445e24a86e3ac5da1c35,bc1qcfl54c0vrpfp2003ns5qy3ghedahdutu67tvx4,bc1q0p9y4lt6swz28xr6jf6fnzt6lt79s5azt6nk7j,0.28544801,1,0.9115484929641258,733
7dae5fff0cdda12e006af8982abbaa769193bfbabd8b5048f7cd433afbccd0ca,bc1qvwz9yk02z5t4zxl4nj39wkegemtfppqnutuldm,bc1qu8yfe7e03aalf0ptwe77uxfs6t0pqvfuet08qy,1.0,1,0.9115403053949979,734
f8f417955981cd96d025185dc36ce76ac5d6e032b666caa716089366c7e670a6,bc1q8d6cluyekc57d5vx58y6dr5uzt9fq5kzpx2k4x,bc1qzxrmu4k4eg32plpxman9gptlslm8juvpx3zzz9,0.0001,0,0.9115208590578534,735
bee5e9ed7f04eec75adeceea696a6a7c85bb53944147b0654edc589636085644,bc1q2r20r6lgdtl73j0gnmv8fhr6yysfqpvadsfw65,bc1qtx5n6w4tj2sd93g7fmnd8rdqkhwjylrsmlngz7,0.04258613,0,0.911429521384588,736
dc1e77f450349f89e1d5bb840140dd40df4c1e9c30beb8e9053557fd2723758f,bc1qgrn30jql9q5pkg95zf9qy48tndhlxdg0x682mp,bc1qtgjx7rcfxcymj9s4xwrrwwps6f6y88dezflfa3,0.0004,0,0.9112106919309098,737
11e6414c3e5ff5b29516f3e95f6ac96f0e961fe7c2c010bdb18ee17c2c51eb49,bc1q8d6cluyekc57d5vx58y6dr5uzt9fq5kzpx2k4x,bc1pmrq09h7g54j5a7ftvc282pgn06zpj4xdqrwtc8xefhx8vmr9nhnsrakq6y,0.00011095,0,0.9111608728461428,738
fb004bf5b145ef39728c5e31c27b8c2e8169a2a53dd673a0b9aadb465ec63d03,bc1qqpq4yrakqcfcr92l5ljygw2gx2kg9z7rw3874z,bc1q3qja7a5s6v0swdh5dvgwmqy2zcdjnktjt3krp2,0.00479137,0,0.9109902375952095,739
20120e55be8f72f16a6ea30b147b915a58038ee75e36388b5969c46bb4d63026,bc1qqpq4yrakqcfcr92l5ljygw2gx2kg9z7rw3874z,1EdgM2Svuhg83A3YukwMPR3nsrB6zi41Ao,0.0068,0,0.9108836761420922,740
7ce4eb5974e6db56ce4e281066c5a2fb86aa5ff84fed6ed882cc4b35a70580e8,bc1q43727w99qpg58ykswgzvfth7skvaagd9l03ppp,bc1q2r20r6lgdtl73j0gnmv8fhr6yysfqpvadsfw65,0.00539,0,0.9106995602648236,741
d9d5069ab72d5b2e6d8cff84c906c87043e836584992a6f5858935c0e0c81be4,bc1qnz06cv84gr6yld02avwpzd2cvnf5lxhmnuq62z,bc1pw9a63kstgl9p5h3l7rmm3u4pzg0a4vwgz9q0lkh6nrmlv3xzcvlqlftw2l,0.07159832,1,0.910496170877355,742
7a31f23cd60b8429ccb0c4aeb64d73b0335a589f84e16101b1f18b141503052c,1AUAge6GJdbiSpQSfhN1dgBxG8oJHrtR45,bc1qkkz28p78pe4qm6uthe5ayfewx5p02yufsrsnf7,0.85584763,1,0.9104254142365378,743
ddbbbc5ce321a4f7c317a7c911db799fc3d43946d773c4586dcde608cede6d58,bc1q8d6cluyekc57d5vx58y6dr5uzt9fq5kzpx2k4x,bc1qngtkgl0pdvfmda22vjap6rl9wsz2zmlxqnekxr,0.0221,0,0.9104150303069326,744
5ff18eac5087515907b328e98847b0af6f4ade44793c6741f9312e5a7fbbb931,bc1q43727w99qpg58ykswgzvfth7skvaagd9l03ppp,1EdgM2Svuhg83A3YukwMPR3nsrB6zi41Ao,0.0002,0,0.9104004312878504,745
60273009cb592359c70063cf25480b9fe80ee1642631c3c369cf4423e87351d8,bc1q43727w99qpg58ykswgzvfth7skvaagd9l03ppp,bc1qqrm8uv8c4lkh3js7xevrg2jc54nexq7jdpxl6m,0.04234937,0,0.9103512370840847,746
1b724ba663e5460e5f4ba0547e0defda2e70c7e05a47e767f7dd724bb6c41196,bc1q43727w99qpg58ykswgzvfth7skvaagd9l03ppp,bc1q3zhyavqf8apv5jftckhn8fvpjzksg7mlkxfwft,0.0007,0,0.9103298727883643,747
8db5a913007d4b050c0da4bb297597e0a8c894a73fd85ec82aac7ab8732283d8,bc1qtak5flan50rwdwv6av392nhq73x7jjrgrv34vj,bc1pzyzymqgpvckf5n5alm8pc6paxfwtn75q4mjgnnmvzzffnktsk6gq204nxv,0.98764998,1,0.9102573155811353,748
a189bea52fdd522211d2bb60a2de7b7bab813dc7e1193d52765a5529a8f4ff7d,bc1qdkdkem8ftacq2ap5c2su6uz8cjy4mepu85v7kp,bc1q43727w99qpg58ykswgzvfth7skvaagd9l03ppp,0.34085,0,0.9101740540053396,749
5700a2e1ee890a9ad2cd7668c5de22aca30e516d41afcb33335dda0068c57ee0,bc1q2r20r6lgdtl73j0gnmv8fhr6yysfqpvadsfw65,bc1qesrvsn8g7ln6rmtru5kmuve4cma37r9gsrd78w,0.00047,0,0.9101273127269951,750
0a13f020e6852d98af1b140bcc6aa146cf9517e01b883798843e0198e9b28121,bc1q8d6cluyekc57d5vx58y6dr5uzt9fq5kzpx2k4x,bc1qr0kcr2fq5sjd470cxtwxd4j9wklju5qd894uje,0.0001,0,0.910077395886979,751
c057ce7d08785ceef663eee8d4f12fe303ae758255c34bcc0c788f3fe42d5e1d,bc1q8pmuc2v0cku2ty0rfxp2jyvrhv6lpsjzq9y6s8,1Q4uugEe1KgKWHpVY5jonyFN1BNA7S1ene,0.07769821,0,0.9099910896666944,752
1b724ba663e5460e5f4ba0547e0defda2e70c7e05a47e767f7dd724bb6c41196,bc1q43727w99qpg58ykswgzvfth7skvaagd9l03ppp,bc1q3zhyavqf8apv5jftckhn8fvpjzksg7mlkxfwft,0.00013,0,0.9099765333530964,753
73dd2af363c4e52ccccaeeee0a0cc831305872f5dc2616ca72c8fb9e419c777f,bc1q73rzqhagkzkrhhz3ml9rs5tah06pks4hyjgu68,bc1q82telvmwxnkdkreen7nlqr7p6qzhh5tshvuv4v,0.00847628,0,0.9099732359366678,754
06fbc226745a62ea299c2f567437ec4550c3f43e844929aea6ec33277f54c32f,bc1qgrn30jql9q5pkg95zf9qy48tndhlxdg0x682mp,bc1qesrvsn8g7ln6rmtru5kmuve4cma37r9gsrd78w,0.000112,0,0.9098908555161453,755
6684c6d1676d41cdff7d104cfb3fed3a1fd2ed7fdea7f6d87b1c51c9a411bd54,bc1qgrn30jql9q5pkg95zf9qy48tndhlxdg0x682mp,bc1qe9y9f40fz896kmtfy9xm2gqy0tvecr00qakp9f,0.0004,0,0.9098257349620142,756
51e423ec5a164a7143748ae4139ee3af8d4fccbe585519cf2b4eb0bb2e880dfe,bc1qgrn30jql9q5pkg95zf9qy48tndhlxdg0x682mp,bc1q36965655yputwh6k55acurs9g2t0exwdanzmdv,0.0002,0,0.909816923518042,757
8843d5650167e5c2cc30dbe64b7cdc82c9347196569cecfce94f4aaf7fab4d51,bc1q43727w99qpg58ykswgzvfth7skvaagd9l03ppp,1EdgM2Svuhg83A3YukwMPR3nsrB6zi41Ao,0.0001,0,0.9098044978110318,758
9e1fb4b1e930a15c36c6a75f63f55589d3c5cf67251ac748d9eb00d5fbc26169,bc1qguaund6dh2sxslzxcpy47nn4q76rqfcg0q4py4,1EdgM2Svuhg83A3YukwMPR3nsrB6zi41Ao,0.0001,0,0.9098044978110318,759
0b1d11f8210a42f9cb29b1ef8035e596a8df571101432bbd067fef7c439ad4bf,bc1qgrn30jql9q5pkg95zf9qy48tndhlxdg0x682mp,bc1qlly9p4hy377nneug9vsmuc2rcse5rdnd0cnns6,0.00012,0,0.9097300712024199,760
a7ddb710bd0afaa21c1fc754f84e86cc2034b9ec2faa708b070f0c6c09347e71,bc1q8d6cluyekc57d5vx58y6dr5uzt9fq5kzpx2k4x,bc1qfhp6r9kk8m8lteygcv7ydd3hkvcsgfqnr8wdqu,0.01138,0,0.9095689915001774,761
9494417f3be91d9161e3987266c832f2bfff2d04a80f51157d2c90160b68bed3,bc1qa635wdd9hay8z835mwlpjwxszjtmamsjd2w0vq,bc1qwumavgafjtu2vleyjaaychge4algvsph3p2esv,0.04747005,1,0.9095620048490357,762
e8f5393fcfc09f11b08e814a7752d6782f3ba4512ab882da8701ca2e0430058d,bc1q8d6cluyekc57d5vx58y6dr5uzt9fq5kzpx2k4x,1MxZqPVEtVoPG3aHywFGKKRhhgMFkz1TfG,0.057466,1,0.9094083838497979,763
5340ace7305a743efb7560e8f88606ec3e48582d3dd843d69754ab3b4d40871f,bc1q8d6cluyekc57d5vx58y6dr5uzt9fq5kzpx2k4x,bc1qesrvsn8g7ln6rmtru5kmuve4cma37r9gsrd78w,0.0213,0,0.9093842162316287,764
5ab37fc4f99348000416f0c5c6444c59cac34312ed0100bd238262b3d8b20273,bc1q43727w99qpg58ykswgzvfth7skvaagd9l03ppp,bc1qechhuvpkq4mtuu223q3k5d95vlzs5sm5mnukac,2.10775144,0,0.9093824796603883,765
11f8cd53084a0c6cad9faf8c51755c709298ae7208c45f75d9648bdda4ba71ea,bc1qerh7lhrs3fgsg7j28y7k2z9rfwmw0ucd9lk7mq,1EdgM2Svuhg83A3YukwMPR3nsrB6zi41Ao,0.0677,0,0.9093449592612928,766
809d227737d43e9b7557bbd62c17ad58a1b555c736414d4ec001e98e0dc186a2,bc1qes9yqtwn5hgyevq76jgl7xcf0l0dqr9n20eqzc,bc1q8d6cluyekc57d5vx58y6dr5uzt9fq5kzpx2k4x,1.42000912,0,0.9091784093663938,767
7a31f23cd60b8429ccb0c4aeb64d73b0335a589f84e16101b1f18b141503052c,18n1mjbrZdPBr1yT89m9b6jLhCZMrtjX1e,bc1qkkz28p78pe4qm6uthe5ayfewx5p02yufsrsnf7,0.95402465,1,0.9090190600571628,768
22f650770d76916c7aa8fb6a7f753efea07d5dc5ab90ade599a875cbce45e0a8,bc1qj8j390lk3kd56fy256y433jh4dk3twd0mcxf53,bc1qawxyp0xa75gydalfdm6dashjvq73lrs6yuy95d,0.03226083,0,0.9088738616566335,769
8e243f34aa75773c3ceba84d32e0d9d14fe665c619637bb232bba09e926cf8c5,bc1q8d6cluyekc57d5vx58y6dr5uzt9fq5kzpx2k4x,bc1qesrvsn8g7ln6rmtru5kmuve4cma37r9gsrd78w,0.05445,0,0.9087797340757031,770
ec2f6cebf8813e7ebab02a0baebc737a2155d19c4e7734d027625b9dd3540d32,bc1qt86zf2l3npy2l8s4820ww0vfc93vxcpzv8ffz7,bc1q8d6cluyekc57d5vx58y6dr5uzt9fq5kzpx2k4x,0.075,0,0.9087252750298935,771
0e0bcba980dc1dff8e5733a019668d5b451b054708360329ac182bb8281c222f,bc1q8d6cluyekc57d5vx58y6dr5uzt9fq5kzpx2k4x,bc1qj86yve8ac56mfw9ruhskr2defyfqakknkfvuv2,0.00171516,0,0.9087060663625617,772
834e889052059696e4412968eba94baf6abbd591c83f52ed969b0bd8a29b6dff,bc1q3jx76k9zes65qyncfnyur6ve6kw9ylxst86rsf,bc1q9f8qkvywxp06upuf6hu097meu64kqnvjck2sx9,0.017621,1,0.9086368059060369,773
41e6af3125c09da3c9a745c22fc35e6f6d73ad760332c1e444a01b76cfa309f1,bc1q8d6cluyekc57d5vx58y6dr5uzt9fq5kzpx2k4x,bc1qm5z2m9gm9rr7pdrax5wdlewz6zg9hnq5p7hhjh,0.0012,0,0.9084226002584738,774
da611be0c942db53cfaf6e339d51d3ebaa919364a13a06630b8919b8e1ebb2fc,bc1q43727w99qpg58ykswgzvfth7skvaagd9l03ppp,bc1qzxh7f0336vzs7dmfej05rrpmrrk87hwk05r7tu,0.000114,0,0.9083780431301279,775
f7e29b5dc6a9bae1fde5a281e594e7eaf5a76c696ebee85fa8959b7993e9b6d2,bc1q8d6cluyekc57d5vx58y6dr5uzt9fq5kzpx2k4x,bc1p9pmx0289la0hyxwmxrujgp7allh0ahekxn384lvkeu0ks3akxr0qdqdwz6,0.0001465,1,0.9083261529978334,776
377feff6d9b14077140ec93474ac57281a4abcd32f236c526cd12d1ebee2b90f,bc1qgfusz0ch9nv0ylpena6dx9kaj5tlwdtqh36tc2,bc1q43727w99qpg58ykswgzvfth7skvaagd9l03ppp,0.23,0,0.9081748078312865,777
a9870be75bf5f0b589e05cc804ce570f2a8d79628ffe18ce50bfee68291a73de,39VRKUpYiiYcWviZGNgGvmcaCWMZf3roAr,bc1qd2kx8pmpnvfx40rmgd483988jcasamm9xw326zlm4pwguv5drxfssc4c86,5.99998476,0,0.9081354278113781,778
28c29bbb394ff74d7c22d4e8a7f3938da5d6b03632b381b691699c332f998c77,bc1p477gnlr0fd9mmfaf7cjdxmge4e2cvvv8u4zjfqry9gwd3cylax4q2vm2s7,bc1ph9gfvvegayt9v6f4zygdjhmvkgw73j0xzqanxxtuf4ysd887v8tq0qvtlk,0.49998632,1,0.9080899122797399,779
7242026ec3809980c75ee9853ba5cc832e6fb9aee5357b7fe717e55de7b891a1,bc1q43727w99qpg58ykswgzvfth7skvaagd9l03ppp,bc1ql36l97uajthq0tl3rek2kmmnzxs5pn7hqxhgy5,0.00010217,0,0.9080224559353455,780
0e0bcba980dc1dff8e5733a019668d5b451b054708360329ac182bb8281c222f,bc1q8d6cluyekc57d5vx58y6dr5uzt9fq5kzpx2k4x,bc1qj86yve8ac56mfw9ruhskr2defyfqakknkfvuv2,0.00052802,0,0.9079857066187293,781
8dd3d4e6a68e11ffd32e35554365077fa5bddaa72edba61fe8d1bd7a7a5a7194,bc1q8d6cluyekc57d5vx58y6dr5uzt9fq5kzpx2k4x,bc1qesrvsn8g7ln6rmtru5kmuve4cma37r9gsrd78w,0.0009,0,0.9077253981948856,782
902adb6a256c13b364a4d4550769116c1f2928a849903c513e5319df8be62969,bc1qcg5fe5zhqaydqavpw7dn3khgdyeqz8ucdcs4rh,bc1q8d6cluyekc57d5vx58y6dr5uzt9fq5kzpx2k4x,1.0,0,0.9076795519086935,783
a1dac2e6ad4f5d84a9da1b135b9ba6076cf2260d3bbc0c130090b479d6ec1151,bc1qgrn30jql9q5pkg95zf9qy48tndhlxdg0x682mp,bc1q6nzu9v7np3qxh85mqvtdfrvu8rs9llpmw7rgxy,0.0021478,0,0.9072271199017687,784
28c29bbb394ff74d7c22d4e8a7f3938da5d6b03632b381b691699c332f998c77,bc1pa8s5yq5fnjvhq3ahj46dwk3jzpu8e2g258mxs64rt9avh5lgn35qx63975,bc1ph9gfvvegayt9v6f4zygdjhmvkgw73j0xzqanxxtuf4ysd887v8tq0qvtlk,0.2,1,0.9071934521902453,785
28c29bbb394ff74d7c22d4e8a7f3938da5d6b03632b381b691699c332f998c77,bc1ples9dqspx06dvnncph42wxwy7f5japle500jycxrn0992yfsschqvtzzsm,bc1ph9gfvvegayt9v6f4zygdjhmvkgw73j0xzqanxxtuf4ysd887v8tq0qvtlk,0.2,1,0.9071934521902453,786
51e423ec5a164a7143748ae4139ee3af8d4fccbe585519cf2b4eb0bb2e880dfe,bc1qgrn30jql9q5pkg95zf9qy48tndhlxdg0x682mp,bc1q36965655yputwh6k55acurs9g2t0exwdanzmdv,0.0013,0,0.9071784573588502,787
d1a27e241ed95bb25f49535ba8d42fe1bd7283ce04768a3eb536eed525fbab2a,bc1q8d6cluyekc57d5vx58y6dr5uzt9fq5kzpx2k4x,bc1ptetg4ejupgta53xqu9nxrf09l6s7tgvnrheg8gtnnd6jzvw389lqm6226s,0.00113981,0,0.9071644428998553,788
98e86d2541b6500006985998ba49f0ebaf6dfc86d1b1386f326f5a2c62d7aea3,bc1qqpq4yrakqcfcr92l5ljygw2gx2kg9z7rw3874z,bc1qn40ceemt8r8w8juxfzlx39k525dyhrt8d3plas,0.0003,1,0.9070638579018503,789
d5bcc826d8cc2a667922acfa78a5abb89799a08202a2f71e5c42b5d63c4cf0f7,bc1qw3xlude8v96z5l5sut79y6pxegwzvllwwmajr3,bc1qadtr34efg6k0l7tstkgzj0kuyjyhwkh7d8kzq0,0.08064608,1,0.9069702081270534,790
4535be2ec08c851942847610b6f0e7860aa194bbe2841eb337c0ca3dbbeb1774,bc1q43727w99qpg58ykswgzvfth7skvaagd9l03ppp,bc1qnffs07uxreahdwsy4jrx57qq5hf2n4w46u7f9g,0.002,0,0.9068565105225868,791
a7ddb710bd0afaa21c1fc754f84e86cc2034b9ec2faa708b070f0c6c09347e71,bc1q8d6cluyekc57d5vx58y6dr5uzt9fq5kzpx2k4x,bc1qfhp6r9kk8m8lteygcv7ydd3hkvcsgfqnr8wdqu,0.0001,0,0.9065735086976536,792
eaa11f0f5f2acaef2072f4b8ca31c6fef29aa991df9c435fe1dccbb04a0f7e11,bc1pv3jep2mvw9pqnxp0mtz84hz8n0rnwj395pw2nm27dszsw8f34exqcvwupc,bc1q43727w99qpg58ykswgzvfth7skvaagd9l03ppp,0.00110856,0,0.9064369041245897,793
9a683b5d045fb00904d1468f2f86fcd56bf9992b07ab5398a5c55f62153f9b6a,bc1q78etpvu72pu6y3vxxd8psdvj0x2tht0frgcf7v,bc1q43727w99qpg58ykswgzvfth7skvaagd9l03ppp,0.47322433,0,0.9063546830793463,794
fb4b7f22a6a0ccb4e9305fcd8c7e64d74a6829a9d680c7e8511d015907f63161,bc1qgrn30jql9q5pkg95zf9qy48tndhlxdg0x682mp,bc1q7sq4l67qvawv8k9tk2znhe98c5vr0jz36s4e4k,0.00019,0,0.906335879222397,795
8dd3d4e6a68e11ffd32e35554365077fa5bddaa72edba61fe8d1bd7a7a5a7194,bc1q8d6cluyekc57d5vx58y6dr5uzt9fq5kzpx2k4x,bc1qesrvsn8g7ln6rmtru5kmuve4cma37r9gsrd78w,0.01,0,0.9060398912254799,796
20120e55be8f72f16a6ea30b147b915a58038ee75e36388b5969c46bb4d63026,bc1qqpq4yrakqcfcr92l5ljygw2gx2kg9z7rw3874z,1EdgM2Svuhg83A3YukwMPR3nsrB6zi41Ao,0.032,0,0.9058098594872931,797
da870c0e19ddd1a040932d4122001b8a86c325bd408542ea14febd3cfb758e85,bc1q8d6cluyekc57d5vx58y6dr5uzt9fq5kzpx2k4x,bc1qc987vcv0a05w8ratyyk26dmkt0jmmr2854v7pl,0.11546428,0,0.9057160443158484,798
442ed04b378d429e1fc0b1cc555cf62668db4ac267f6f37ba23bf496a262da3f,bc1q8d6cluyekc57d5vx58y6dr5uzt9fq5kzpx2k4x,bc1q635e04asdvuaj2rtal83j23wspzjycw5e67rl6,0.0769292,0,0.9056295707040305,799
20120e55be8f72f16a6ea30b147b915a58038ee75e36388b5969c46bb4d63026,bc1qqpq4yrakqcfcr92l5ljygw2gx2kg9z7rw3874z,1EdgM2Svuhg83A3YukwMPR3nsrB6zi41Ao,0.00384699,0,0.9052882272854178,800
2c9e263f5451364ea63384f0294b387504af2b8f49f4a0189717a63ea3b5845f,bc1pvz9ydrpnjnt7q5d6m9k84nfa70xv9y7yls3ywmyu6w3jsjdkllksuefzu3,bc1q8d6cluyekc57d5vx58y6dr5uzt9fq5kzpx2k4x,0.26623179,0,0.9052546496161848,801
c96d16d76ab7877bd340c4c585856b4c4b887285e93db9b8630463376c3f8402,bc1q0kyac4dd3k2fsxwsltz464tcxmyd93wj72nvd3,bc1qqpq4yrakqcfcr92l5ljygw2gx2kg9z7rw3874z,0.11,0,0.9051572802046093,802
20120e55be8f72f16a6ea30b147b915a58038ee75e36388b5969c46bb4d63026,bc1qqpq4yrakqcfcr92l5ljygw2gx2kg9z7rw3874z,1EdgM2Svuhg83A3YukwMPR3nsrB6zi41Ao,0.12722336,0,0.9051515227277441,803
6e5d9dc0e237e2ddb8545b39e7062a9550f8f73815be7ae04342357f8154a791,bc1q8d6cluyekc57d5vx58y6dr5uzt9fq5kzpx2k4x,bc1qed6ulqt739h93e06mjt3ddjhxu9gmcvlm2lz4k,0.00057652,0,0.9051173410447401,804
40d6aad5194aaf5445b413531438a8539be46db195ffbe707340d87a1ecd3a07,bc1qpulxwl58r3xhc0wy7mh4hs2j9xy2afs82zk8es,bc1qr2e9um2447wg90se2l5lqvhcevy4pwwwmsn9em,0.23358269,1,0.905090995119977,805
ab75275d687b66b4ed7ed7b7b59e171ba7a967e34986f8fda675a6cbd0b0c2cb,bc1q43727w99qpg58ykswgzvfth7skvaagd9l03ppp,bc1qesrvsn8g7ln6rmtru5kmuve4cma37r9gsrd78w,0.00110856,0,0.9048675510003062,806
58c46da4bea069d256d93994f990a76c003b15336ade9efb09db9d1821e21fae,bc1q43727w99qpg58ykswgzvfth7skvaagd9l03ppp,bc1qsjulq2a2557d2llfp8gknwxhqa92fx98wadnyv,0.00034965,0,0.9047240624192743,807
1a77d9bf70f213657dcf42202dc7d19c88c7c8417a7931cbae0ab5576aa39cb2,bc1qfwgzee4a28qvkp96dmvm67p8thd0xw4ndkwgl6,bc1q43727w99qpg58ykswgzvfth7skvaagd9l03ppp,0.05189045,0,0.9042897512491659,808
608cc6b105ea111ff02540af010b7db96f886511285a94f5b356a005050bb6ef,bc1qgrn30jql9q5pkg95zf9qy48tndhlxdg0x682mp,bc1qesrvsn8g7ln6rmtru5kmuve4cma37r9gsrd78w,0.0003,0,0.904151983637249,809
21811674b05be00afaf0f370c95262bc44cdbf6a4fab609879f8817fca34cedf,bc1qa0pkfxfcyzmhgfz5mvpk45p2tpctk7sm3mkyzx,1EdgM2Svuhg83A3YukwMPR3nsrB6zi41Ao,0.0003,0,0.904151983637249,810
8e243f34aa75773c3ceba84d32e0d9d14fe665c619637bb232bba09e926cf8c5,bc1q8d6cluyekc57d5vx58y6dr5uzt9fq5kzpx2k4x,bc1qesrvsn8g7ln6rmtru5kmuve4cma37r9gsrd78w,0.001,0,0.9041112897488651,811
b4d14a45c7537e37c9e71d8e7e4731f5fb91a770f8df5f59267dcde152b1d113,bc1qu8mvqszp8rnzv8tudd3es207hzcw9cv0mmr7f3,1EdgM2Svuhg83A3YukwMPR3nsrB6zi41Ao,0.0035621,0,0.9039950931417493,812
7abefb3a1ca7fba02f263dc6e59d02fac38b0905a130f44d5c175a60bf8bbdfb,bc1q43727w99qpg58ykswgzvfth7skvaagd9l03ppp,16criQNFG6tgxNbvj7LdqiM5r8bYf561kX,0.001,0,0.9037480926419755,813
a9b8bd85657feb8ddfa100fe85a279db6e13bac4c44a2265455dd01b39e77fb4,bc1qgrn30jql9q5pkg95zf9qy48tndhlxdg0x682mp,bc1qc05el2dfdwuxkp8tm25lax8aerjcrhpmqdt078,0.00110512,0,0.9037110576947568,814
9ae3bcd832ea40dc9ea8374cd98160eb82317630108c5859f40a0f60064062dd,bc1q78etpvu72pu6y3vxxd8psdvj0x2tht0frgcf7v,bc1q8d6cluyekc57d5vx58y6dr5uzt9fq5kzpx2k4x,0.36320362,0,0.9037086938682353,815
1ae4edadf57aec82c2e9977f543ec0da1096698f181706f6e899d46feef2ce0f,bc1q78etpvu72pu6y3vxxd8psdvj0x2tht0frgcf7v,bc1q8d6cluyekc57d5vx58y6dr5uzt9fq5kzpx2k4x,0.36586998,0,0.9036236434705777,816
1b724ba663e5460e5f4ba0547e0defda2e70c7e05a47e767f7dd724bb6c41196,bc1q43727w99qpg58ykswgzvfth7skvaagd9l03ppp,bc1q3zhyavqf8apv5jftckhn8fvpjzksg7mlkxfwft,0.00245687,0,0.9029466100758021,817
08a0397844c2c3c341a90e8b2bfec9d94ad2c8bf996035d7b87a9aca806ab607,bc1ptk4swyg9wsplmcppqvlt8q2fqaayvveu0ya3ahkkcn6rhqaazarq4eazqt,bc1ph9gfvvegayt9v6f4zygdjhmvkgw73j0xzqanxxtuf4ysd887v8tq0qvtlk,0.49998796,1,0.9027915160138562,818
e8f5393fcfc09f11b08e814a7752d6782f3ba4512ab882da8701ca2e0430058d,bc1q8d6cluyekc57d5vx58y6dr5uzt9fq5kzpx2k4x,1MxZqPVEtVoPG3aHywFGKKRhhgMFkz1TfG,0.0255394,1,0.9027005948014832,819
783d50db0bccb0da336faaadd117009899c52d17b3e03d34b5950a961a84ebbb,bc1qdlzsmuldc2rwgamxfg6404e6j75ezkrjuhfmry,bc1qnhvqvgxjwd2vsws4wdxt9j8qsddm87u08dger6,0.01701979,1,0.9026768659423073,820
e8f5393fcfc09f11b08e814a7752d6782f3ba4512ab882da8701ca2e0430058d,bc1q8d6cluyekc57d5vx58y6dr5uzt9fq5kzpx2k4x,1MxZqPVEtVoPG3aHywFGKKRhhgMFkz1TfG,0.00059,1,0.9025866409655091,821
b629a6960a699b4780133755592c0897309e009f739923175ca9619bd4828cfb,bc1qf4jfs2yamctpcq9w9e2pyr8h2lwe0jrjp2mrjr,bc1q8d6cluyekc57d5vx58y6dr5uzt9fq5kzpx2k4x,0.15,0,0.9025252023182512,822
487d2226a7d61219b09fdf336b136fd1d0ed6a23b14d335fd01998c102c11e37,bc1q43727w99qpg58ykswgzvfth7skvaagd9l03ppp,bc1qesrvsn8g7ln6rmtru5kmuve4cma37r9gsrd78w,0.0398,0,0.9024787135223074,823
72849f2f0154e98373295b49d26dec11230b0907395fbe90397d0e1fa87f4425,bc1qlzq4wep5u4zn6d64u07gsecdwvseqltkpxd2z7,1EdgM2Svuhg83A3YukwMPR3nsrB6zi41Ao,0.00042,0,0.9023759902377807,824
f35f2a43b389014742b786f9fb8eb1fd111ca8c007d6b9e6abc52f80857812f2,bc1q8d6cluyekc57d5vx58y6dr5uzt9fq5kzpx2k4x,bc1qesrvsn8g7ln6rmtru5kmuve4cma37r9gsrd78w,0.0380364,0,0.9022463739036146,825
bdee2c236ba33f5faab98f3f79dae01d29868de45fa1db1cb7ee827fc9491461,bc1qcpnadpp6833c3jlnmjweac7vscaa8svn4jv42g,bc1qc8qmwnvu84rkqjap700hdd4ktuwdqyp2d59nh9,0.05148306,1,0.9020007280092456,826
07472cd6129cfda982711fd82d75efba4ba1c5a0b4effdde5088d61290523456,bc1qlqw4vhzf9as70xu4hrcvpgnftyp0gyqsqgwhlm,bc1qr02v255vf7v96et3w3mlwhys598avar4udm57j,0.10700429,1,0.9017731141278118,827
b4d14a45c7537e37c9e71d8e7e4731f5fb91a770f8df5f59267dcde152b1d113,bc1qu8mvqszp8rnzv8tudd3es207hzcw9cv0mmr7f3,1EdgM2Svuhg83A3YukwMPR3nsrB6zi41Ao,0.00378747,0,0.9015987875842975,828
9e1fb4b1e930a15c36c6a75f63f55589d3c5cf67251ac748d9eb00d5fbc26169,bc1qguaund6dh2sxslzxcpy47nn4q76rqfcg0q4py4,1EdgM2Svuhg83A3YukwMPR3nsrB6zi41Ao,0.0004,0,0.901432132210442,829
06976903f4e76d133e4800f00ac202cf0fe24b93bc1126845ea093557c6dafde,bc1q8ewxra8ap7pefvdekgp3yksq24ll7xpyakqvng,bc1qa0pkfxfcyzmhgfz5mvpk45p2tpctk7sm3mkyzx,0.01074152,0,0.9012990037913197,830
fed6d247b2bac9c07a42250acce3b7d3dcc755e8eef8d17479ca51bfd5ecf01d,bc1pwla24yl0vl8gnv9w4wh90h7k0s2hx8zy6z8990afjmwj3vr4v77qj8rq2x,bc1ph9gfvvegayt9v6f4zygdjhmvkgw73j0xzqanxxtuf4ysd887v8tq0qvtlk,0.16,1,0.9004856600198028,831
022055f120bfa70173cddadf837980bcd701d760a580e037bb1776a21d5385aa,bc1q2r20r6lgdtl73j0gnmv8fhr6yysfqpvadsfw65,bc1q32df4p3gvrxng7h34j579sdfxx9xaam3fw39eq,0.00023314,0,0.9004791032475851,832
7ce4eb5974e6db56ce4e281066c5a2fb86aa5ff84fed6ed882cc4b35a70580e8,bc1q43727w99qpg58ykswgzvfth7skvaagd9l03ppp,bc1q2r20r6lgdtl73j0gnmv8fhr6yysfqpvadsfw65,0.0003,0,0.9004118703667346,833
7b2870eeeb603f8c3af387a07d30a631b19e18844225d24c604678820c06f348,bc1pnc60vt8lq7khznkyz4m6l0nelcprsukm0dh2relt5txhmnnj6q3qz3nv0t,bc1qe2szv0tz6qznnxtyda8nw3ufjqfp77xc8ndphv,0.15,1,0.9003627359271741,834
8843d5650167e5c2cc30dbe64b7cdc82c9347196569cecfce94f4aaf7fab4d51,bc1q43727w99qpg58ykswgzvfth7skvaagd9l03ppp,1EdgM2Svuhg83A3YukwMPR3nsrB6zi41Ao,0.0008,0,0.9003375396446823,835
7c0e666e1c2c7be51fecc4f5422dbfabbcbec69bb1cd14743a4c334c2635998b,bc1psvm6nhw9y6lun5fn4ghz6yh5wuvwferzs6nqhw5ut5sxxwdehypqw9660f,bc1ph9gfvvegayt9v6f4zygdjhmvkgw73j0xzqanxxtuf4ysd887v8tq0qvtlk,0.2,1,0.9002903276484102,836
dfc82f0f8ceea3f9fe579ee66643e34eda6423efe532c4680e030ad1f31a7fd3,bc1qwlthlqwrjlhj0lcxtww7dml75nv2f22u9ypsgd,bc1q6fgqv8cz99fxr9ghjs6n7s3vzs32x578xs8dgx,0.32396386,1,0.9002332748140617,837
575f49c4ba72562c73c2a35e321025f0b1619f67e8cde91116ea351cd7158e43,bc1q78etpvu72pu6y3vxxd8psdvj0x2tht0frgcf7v,bc1q8d6cluyekc57d5vx58y6dr5uzt9fq5kzpx2k4x,0.32144416,0,0.9002332748140617,838
a7ddb710bd0afaa21c1fc754f84e86cc2034b9ec2faa708b070f0c6c09347e71,bc1q8d6cluyekc57d5vx58y6dr5uzt9fq5kzpx2k4x,bc1qfhp6r9kk8m8lteygcv7ydd3hkvcsgfqnr8wdqu,0.00022,0,0.9001181105161216,839
2edd7cd8e5fc5ee65385be4c4da07a59b46eeaa478234d1acb9e5266df1a68e0,bc1p6slkdt5j0ryp0jamhanap9dxx7tydllx0hrxzetrz7sz2dpyukwsdrf0qv,bc1pex2c46t4kpc4xa2u9ytshmlky3rrfhsytqxmthkc78gs06qx975qata8yf,0.11336892,1,0.9000783785932437,840
b78d7a95bb9ee2bae4baa3621e38186594a497d296f7e1c86620e7c1768736c5,bc1q43727w99qpg58ykswgzvfth7skvaagd9l03ppp,1EdgM2Svuhg83A3YukwMPR3nsrB6zi41Ao,0.0001,0,0.9000317029824578,841
a10875cc40afe0474e09b0501b00deedfaad8b98a5a37fea39d5fb7cfc823141,bc1qgrn30jql9q5pkg95zf9qy48tndhlxdg0x682mp,17pTqnRgwahxn7qhmpX9WNfdRzCEQk8549,0.0002,0,0.8999171759205526,842
446b740fa6727be7e1c04742133ac94e30384baaa9c22240b6277576f457a003,bc1qp0hn7yej6pcngvy42sl53zgtf40tc8waww0njg,bc1qm4pt76ctlhyvmmsrchc4ygw5h9m6fj7r7g7m4z,0.26218793,1,0.8999049896145717,843
f8f417955981cd96d025185dc36ce76ac5d6e032b666caa716089366c7e670a6,bc1q8d6cluyekc57d5vx58y6dr5uzt9fq5kzpx2k4x,bc1qzxrmu4k4eg32plpxman9gptlslm8juvpx3zzz9,0.0002947,0,0.899807567366976,844
3045452c6daa4274221e89230c3ce7140528f4a0054d553010bf105eddd37116,bc1qtrfet46wnnh6qjg0vtf99egvmvaj2wpmda8rff,bc1q6syr2fzzheq052jh35rqdahnycd22muvrldq2z,0.34464688,1,0.899713397864371,845
76beb8318669076fc73991b682ad5d2a3e6211a59ecdcac6c83e79e905774611,bc1p3zg36mh7ad7s6fzpcve6d3a3e3pt352h7p43d55nn2zyd56kkzaqmu2nk0,bc1ph9gfvvegayt9v6f4zygdjhmvkgw73j0xzqanxxtuf4ysd887v8tq0qvtlk,0.49997702,1,0.8997041296119164,846
d9dce3bac238d1c0d80bd24b4209f37359308ed53ad8e6a32ba6a7d83c7083ec,bc1p0ly04jc0j4774cejm79e8yvm82ee2uccuef847sr823qyuy33dms9guwes,bc1ph9gfvvegayt9v6f4zygdjhmvkgw73j0xzqanxxtuf4ysd887v8tq0qvtlk,0.39998194,1,0.8992583364929371,847
a10875cc40afe0474e09b0501b00deedfaad8b98a5a37fea39d5fb7cfc823141,bc1qgrn30jql9q5pkg95zf9qy48tndhlxdg0x682mp,17pTqnRgwahxn7qhmpX9WNfdRzCEQk8549,0.0003,0,0.899152228916002,848
7ea1b728e13f7110c1d0bb0bd2fddcf48b8be11eebeed1a0831851ba4cbd38a0,bc1qzj3qezrduncx5k46p3yxkxctqgm88lycmlcyva,bc1qdklcxh7zr64p800yeygxeumkevq6tx0gufnxen,0.01002365,1,0.8990301301807581,849
9e1fb4b1e930a15c36c6a75f63f55589d3c5cf67251ac748d9eb00d5fbc26169,bc1qguaund6dh2sxslzxcpy47nn4q76rqfcg0q4py4,1EdgM2Svuhg83A3YukwMPR3nsrB6zi41Ao,0.001,0,0.8987589483011262,850
1b43e513be646501bca706b8b7043ffda9a56d9d84ee36c99812943813e4bf3f,bc1qpzlhfdeanqztnw9ke2y4ahnf4kkgq8t2vvw2r4,bc1qr8jmdpuakazvlderyggfp7mp975qhqgrc9ewqa,0.257761,1,0.8986879001069655,851
335290e45eb486fe015ee6a16b3b2b1492d616a91fd50fcdab4784520fbc6993,1AEDt5uPpdBgWB89tqGeKVWb35K3mWebLR,bc1qs8a9k3nq85l76qemz599ly4tgg7rackshfxtfz,0.08062888,1,0.898396416039589,852
04150d00f3b59111a39cb9d40c3fb5bba81f58beee4d7e52ae04d494616ce9b7,bc1qgrn30jql9q5pkg95zf9qy48tndhlxdg0x682mp,bc1qwwhgpsf3e6uwkgp536srmkf26x8flserp2py5e,0.01115304,0,0.8983500172162331,853
11f8cd53084a0c6cad9faf8c51755c709298ae7208c45f75d9648bdda4ba71ea,bc1qerh7lhrs3fgsg7j28y7k2z9rfwmw0ucd9lk7mq,1EdgM2Svuhg83A3YukwMPR3nsrB6zi41Ao,0.0232617,0,0.8982437248037356,854
2dc05e425eaf682f96bd83850eb7760ecce8e9a3676abd7f0e3a865524e80159,bc1pex2c46t4kpc4xa2u9ytshmlky3rrfhsytqxmthkc78gs06qx975qata8yf,bc1p6slkdt5j0ryp0jamhanap9dxx7tydllx0hrxzetrz7sz2dpyukwsdrf0qv,0.1324,1,0.898082088796397,855
720155f7845d23082f0e1910152633a02925170062c8d7b52c6c8f5c072a2e76,bc1q8d6cluyekc57d5vx58y6dr5uzt9fq5kzpx2k4x,bc1qk0zrww0gaam9wy3g0svgu935nd2lje99yku5g5,0.09070748,0,0.8980774612555454,856
41b3a1d76c61db5723e465b719bae3562388ab828bcaf4d8235d65f775e40504,bc1q8d6cluyekc57d5vx58y6dr5uzt9fq5kzpx2k4x,bc1qjlsjg4wn0jap5vahr98vsn6h0d8wm5eght0v0y,0.00146202,0,0.8979794692060229,857
a411944dfd0bcf1b6a906e072ebc1211cc5c7ac1c2dedd3e5d1977ec9feca707,bc1q43727w99qpg58ykswgzvfth7skvaagd9l03ppp,bc1q98uxa0040ksk8n3th6m4mm7c2hk3cj57hz4fyc,0.07768598,0,0.8977553488599149,858
fed6d247b2bac9c07a42250acce3b7d3dcc755e8eef8d17479ca51bfd5ecf01d,bc1pcw6d0lgkkn2rrqjuk50za4kj94terv3ww4u0l6dmwnw4869ccf2q2teuxx,bc1ph9gfvvegayt9v6f4zygdjhmvkgw73j0xzqanxxtuf4ysd887v8tq0qvtlk,0.20081546,1,0.897602903669058,859
45e78add22907a921d20a17ed5ef7d4387b0b66eabb1148abde72d1a1670a2af,bc1qgrn30jql9q5pkg95zf9qy48tndhlxdg0x682mp,bc1qnxe6qntxa94vnv8hfq446hw6ey3lkul9wfpk7e,0.011,0,0.8974495843158004,860
73c66cfb45d2387afbb51a7f5773228e5818267e8ccf4c28869e55b0641cff28,bc1qsj8kdfw8qdzxkcc75wfg78svpr40ff2vsshxnj,bc1q8d6cluyekc57d5vx58y6dr5uzt9fq5kzpx2k4x,0.25122591,0,0.8968626090815648,861
783d50db0bccb0da336faaadd117009899c52d17b3e03d34b5950a961a84ebbb,bc1q9lf87vung5gwvcsvq9ueua0nuvyje66ytxcdu4,bc1qnhvqvgxjwd2vsws4wdxt9j8qsddm87u08dger6,0.0103849,1,0.8961954928795818,862
a10875cc40afe0474e09b0501b00deedfaad8b98a5a37fea39d5fb7cfc823141,bc1qgrn30jql9q5pkg95zf9qy48tndhlxdg0x682mp,17pTqnRgwahxn7qhmpX9WNfdRzCEQk8549,0.00116656,0,0.8961367777637179,863
f8f417955981cd96d025185dc36ce76ac5d6e032b666caa716089366c7e670a6,bc1q8d6cluyekc57d5vx58y6dr5uzt9fq5kzpx2k4x,bc1qzxrmu4k4eg32plpxman9gptlslm8juvpx3zzz9,0.00128599,0,0.8961171928165733,864
ae5436c571b9ada890c9f80b4e70945bc5b4ffbc3897accde013b6de1b01b7ef,bc1qykmqgxz5s2m7gv38zfe3xl7zam4guwtfr63yzy,bc1qpulxwl58r3xhc0wy7mh4hs2j9xy2afs82zk8es,0.25109284,1,0.8960029894041829,865
f5838fed39af6181dfb2af8f091d6a8f11987e7d9f3570fa92a49bbc09942f8a,bc1qgrn30jql9q5pkg95zf9qy48tndhlxdg0x682mp,bc1qsx4cxe9rsneuykkv5mtetc4v8tjvy37d9tmu4a,0.00663371,0,0.8959274991932792,866
85694d61bafbbb8326fbc3422bc84b5be366b0b7dfd35a91b4b06e32d656f570,bc1q8d6cluyekc57d5vx58y6dr5uzt9fq5kzpx2k4x,bc1q5egwdzauq4p2wv8dl0gg2enx0c604qlh6qh2mp,0.00119249,0,0.8958892653720537,867
a669f6d600728eab1fbd810cb87fd3d95aaaa500c712ff7cfa3c2822623bb487,bc1q43727w99qpg58ykswgzvfth7skvaagd9l03ppp,bc1qfwgzee4a28qvkp96dmvm67p8thd0xw4ndkwgl6,0.08142018,0,0.8956254240041376,868
b78d7a95bb9ee2bae4baa3621e38186594a497d296f7e1c86620e7c1768736c5,bc1q43727w99qpg58ykswgzvfth7skvaagd9l03ppp,1EdgM2Svuhg83A3YukwMPR3nsrB6zi41Ao,0.00027,0,0.8956187563490866,869
099243eb2a48225aeebf6ca6a2383c16c8b6d93ca0b5de7b5c74502840c0df92,bc1qew9vzcy7ttzqc9mgsu2ank7882dj8eyz34q9s9,bc1qtd7t5d0efr6kvqn2sl5ckea5s74a6nk7a8ccfx,0.0021853,1,0.8955667633327782,870
5340ace7305a743efb7560e8f88606ec3e48582d3dd843d69754ab3b4d40871f,bc1q8d6cluyekc57d5vx58y6dr5uzt9fq5kzpx2k4x,bc1qesrvsn8g7ln6rmtru5kmuve4cma37r9gsrd78w,0.009,0,0.8955570252850684,871
98e86d2541b6500006985998ba49f0ebaf6dfc86d1b1386f326f5a2c62d7aea3,bc1qqpq4yrakqcfcr92l5ljygw2gx2kg9z7rw3874z,bc1qn40ceemt8r8w8juxfzlx39k525dyhrt8d3plas,0.0015,1,0.8955055984289503,872
ac6eba89f9bb3641bf9250accd8cff4f32484d90645c36e076fb7683507c78ea,bc1pwfah5rgyfdex0nnnuzt0emhhask3tsrh5353j5n85w7vr6xfahtsm3v2x9,bc1ph9gfvvegayt9v6f4zygdjhmvkgw73j0xzqanxxtuf4ysd887v8tq0qvtlk,0.16520488,1,0.8949886463463601,873
1cc91df72ddd2953e7779f9f4987f1854d98f8c2d9a2558bf8addb91ba1a6334,bc1qu8tkf2sv57ys49twv84mhfj063ue5pvnw4jmvt,bc1qxnh6c5vrkd2gdq7n08zrk7xysgdfekdz4jeu7p,0.00018695,0,0.8948242871592622,874
16c95dd3dbabd2ed62b138b1f1e9cf658cc4179068a8449caceca5fffa6f1d2a,bc1q8layessythp42vlq7n5jk4w75zdsx2d7afhugm,bc1q8dj9anpwvyetpqcnv9dsygmkwe2kf8am8duqlh,1.45276921,1,0.8944011875234693,875
e1f2eb4d1945ce593f71651f6fccab7194539c744a62175f252135c82a3aebaa,bc1qu8mvqszp8rnzv8tudd3es207hzcw9cv0mmr7f3,1EdgM2Svuhg83A3YukwMPR3nsrB6zi41Ao,0.00053361,0,0.8942704942146665,876
353750f4b25a5a62accf20486073f618a8e594eb62839b2313c07308571e8ddd,bc1q04rf66rzp0k0nrqpwsxxpskawa6e4c26lc350x,bc1qv24uerzwyt37ruum4fvnjn9cgdrgvz88n7xjwj,0.00162999,1,0.8935472652085195,877
b629a6960a699b4780133755592c0897309e009f739923175ca9619bd4828cfb,bc1qf4jfs2yamctpcq9w9e2pyr8h2lwe0jrjp2mrjr,bc1qqkwcwj3w40lz25tksc2a487a9fyc0rwvms2cdc,0.21552242,0,0.8933460324419265,878
fe74092d355ed7c395c82cf2eee44af78ed4e6e94197e01be55d675f3adc5a4a,bc1q6tl9m5tyvm5lr69t49n6dggnrgzfcgjfuy46gg,bc1qnhvqvgxjwd2vsws4wdxt9j8qsddm87u08dger6,0.08934167,1,0.8933388170686398,879
93717cea49e86b609a6df37d853ac42cda87dd9ecf240913b61b3efc8050f107,bc1q8d6cluyekc57d5vx58y6dr5uzt9fq5kzpx2k4x,bc1q3n560kt33l6d5rfujtvj2e8v7sqfc9lqddedq3,0.0001,0,0.8932415541721617,880
73dd2af363c4e52ccccaeeee0a0cc831305872f5dc2616ca72c8fb9e419c777f,bc1q5f6tmqx3tnn59v590p27nf3eketz6lzschw9hv,bc1q82telvmwxnkdkreen7nlqr7p6qzhh5tshvuv4v,0.326981,1,0.8930280787137181,881
d9d5069ab72d5b2e6d8cff84c906c87043e836584992a6f5858935c0e0c81be4,bc1qnz06cv84gr6yld02avwpzd2cvnf5lxhmnuq62z,bc1pw9a63kstgl9p5h3l7rmm3u4pzg0a4vwgz9q0lkh6nrmlv3xzcvlqlftw2l,0.07166986,1,0.8929801029655444,882
41e6af3125c09da3c9a745c22fc35e6f6d73ad760332c1e444a01b76cfa309f1,bc1q8d6cluyekc57d5vx58y6dr5uzt9fq5kzpx2k4x,bc1qm5z2m9gm9rr7pdrax5wdlewz6zg9hnq5p7hhjh,0.01531023,0,0.8928981843774306,883
06cd04aca6b03e18fc41d093468be696b55c68dc2b9fbf1cc028e833dd869bdb,bc1qdfl3dfnwwvlqa5jpckh0ccwpjczh5y566c4g76,bc1q8pmuc2v0cku2ty0rfxp2jyvrhv6lpsjzq9y6s8,2.68041224,0,0.8927886668500427,884
de9115433a93172716ed37b765e2017a32d62d29480468f9e3c2c3028ac458c9,bc1q43727w99qpg58ykswgzvfth7skvaagd9l03ppp,bc1qmrmxxpdmu7k6rkrpurudmnru7ae8qmgesvugrs,0.0005,0,0.8927848101369622,885
e401e457fa710f3164c3afb1df47881a700aef8c3abbd53c6128439fccc6635c,bc1q8d6cluyekc57d5vx58y6dr5uzt9fq5kzpx2k4x,bc1q2r20r6lgdtl73j0gnmv8fhr6yysfqpvadsfw65,0.03784342,0,0.8927445282774407,886
4535be2ec08c851942847610b6f0e7860aa194bbe2841eb337c0ca3dbbeb1774,bc1q43727w99qpg58ykswgzvfth7skvaagd9l03ppp,bc1qnffs07uxreahdwsy4jrx57qq5hf2n4w46u7f9g,0.000779,0,0.8925278873779579,887
752b392f810d39828139a0c8d9df5759632455ecac7b39d583439805465593d2,bc1qgrn30jql9q5pkg95zf9qy48tndhlxdg0x682mp,bc1q7wq9x2phfc79jydkc9y70z4czawr3559n4p480,0.0005762,0,0.8924379611046708,888
cee017c65eae01f1222874e24eae0453a61cce3e8051ef544ea62d975ad7bbb9,bc1qdfl3dfnwwvlqa5jpckh0ccwpjczh5y566c4g76,bc1q8pmuc2v0cku2ty0rfxp2jyvrhv6lpsjzq9y6s8,2.15049776,0,0.8923452287033352,889
041f1434d8df4955e476ef68957b9a6ffec12b8dddbb164c155d57275e8e8107,bc1qp94yzjmj9rkzytvdcakctvnj63qwmckja8m90h,bc1qej7yjgy6zv5ndajxwvckv59hkdf28y9pdu95mj,0.52236569,1,0.892259979650607,890
11f8cd53084a0c6cad9faf8c51755c709298ae7208c45f75d9648bdda4ba71ea,bc1qerh7lhrs3fgsg7j28y7k2z9rfwmw0ucd9lk7mq,1EdgM2Svuhg83A3YukwMPR3nsrB6zi41Ao,0.008,0,0.8922089087958635,891
4535be2ec08c851942847610b6f0e7860aa194bbe2841eb337c0ca3dbbeb1774,bc1q43727w99qpg58ykswgzvfth7skvaagd9l03ppp,bc1qnffs07uxreahdwsy4jrx57qq5hf2n4w46u7f9g,0.00280207,0,0.8919246514317236,892
45e78add22907a921d20a17ed5ef7d4387b0b66eabb1148abde72d1a1670a2af,bc1qgrn30jql9q5pkg95zf9qy48tndhlxdg0x682mp,bc1qnxe6qntxa94vnv8hfq446hw6ey3lkul9wfpk7e,0.09004358,0,0.8918407926694049,893
0d08a1d6259aafedbc38b7d879c077ad0ff4ab942630cce5784ac9edc2f89445,bc1q8d6cluyekc57d5vx58y6dr5uzt9fq5kzpx2k4x,bc1qesrvsn8g7ln6rmtru5kmuve4cma37r9gsrd78w,0.0005,0,0.8917266062852618,894
04150d00f3b59111a39cb9d40c3fb5bba81f58beee4d7e52ae04d494616ce9b7,bc1qgrn30jql9q5pkg95zf9qy48tndhlxdg0x682mp,bc1qwwhgpsf3e6uwkgp536srmkf26x8flserp2py5e,0.003,0,0.8916218363510225,895
13e334112f3eacbd774e72d5568ce886b0b79721f0a51021099e50a801a4fc76,bc1qgrn30jql9q5pkg95zf9qy48tndhlxdg0x682mp,bc1qzwjswwypgux9vt6f4aseqkdm8cwv0e90eau7tq,0.00057459,0,0.8915288701955798,896
3bf2ed385996be9c66b9e09329a7370951e83a4e9f70647d7966fc9b2e5f228c,bc1q5ddsv4dy4504fc990pzcay54uukc5p6hgdsj60,bc1q8d6cluyekc57d5vx58y6dr5uzt9fq5kzpx2k4x,0.99998,0,0.8910335000500434,897
fd905712aa2e75353d43e1cada14850b109cb4f4835278067b66665b1fb0dcf6,bc1qeetft997zfvwxkm4a5294sa45xtf6cfuvv2ljj,bc1q8wsp76a3q7d7n5n5hewk24njcgffavcg0wj4rf,4.04536306,1,0.8909945018577258,898
73dd2af363c4e52ccccaeeee0a0cc831305872f5dc2616ca72c8fb9e419c777f,bc1qzft6z3ujaqs8792a4cvggme5apna2p6jn09y5z,bc1q82telvmwxnkdkreen7nlqr7p6qzhh5tshvuv4v,0.04214155,0,0.8909663910911069,899
049eaa5e73ef7f288ebe0125bbb528623014db2b40a9941c0e4fcefde2bc0b6c,bc1qgrn30jql9q5pkg95zf9qy48tndhlxdg0x682mp,12dcbsi9khzckBx7frTbTMD9oGyT7GvbeZ,0.0016,0,0.8909519045621935,900
09c91adaffb4540113716d1ec77835a6438f75abb1550add81c87c53cb114481,bc1q8d6cluyekc57d5vx58y6dr5uzt9fq5kzpx2k4x,bc1qesrvsn8g7ln6rmtru5kmuve4cma37r9gsrd78w,0.00033,0,0.8907501688210557,901
20120e55be8f72f16a6ea30b147b915a58038ee75e36388b5969c46bb4d63026,bc1qqpq4yrakqcfcr92l5ljygw2gx2kg9z7rw3874z,1EdgM2Svuhg83A3YukwMPR3nsrB6zi41Ao,0.03393566,0,0.8906398263514054,902
73f8f46b9d5671f39148722e2cb14928cb533ce14050d5fd975c3d39768f2417,13sZqK7xqhGy55crDvikUCDYYJ933rCuXM,bc1q8d6cluyekc57d5vx58y6dr5uzt9fq5kzpx2k4x,0.2082674,0,0.8905881150926261,903
4c0bbc18f4f6bd6bfb92e6a3decc42f99c5880941e1fb36bec4897247214a1dd,bc1qdk5xmta8t2mne44ydadjlydczl4e97mvc2mg9r,bc1qeetft997zfvwxkm4a5294sa45xtf6cfuvv2ljj,5.04536864,1,0.8905510009825821,904
f7e29b5dc6a9bae1fde5a281e594e7eaf5a76c696ebee85fa8959b7993e9b6d2,bc1q8d6cluyekc57d5vx58y6dr5uzt9fq5kzpx2k4x,bc1p9pmx0289la0hyxwmxrujgp7allh0ahekxn384lvkeu0ks3akxr0qdqdwz6,0.00029491,1,0.8904595719512767,905
5340ace7305a743efb7560e8f88606ec3e48582d3dd843d69754ab3b4d40871f,bc1q8d6cluyekc57d5vx58y6dr5uzt9fq5kzpx2k4x,bc1qesrvsn8g7ln6rmtru5kmuve4cma37r9gsrd78w,0.0003,0,0.8901280981902877,906
487d2226a7d61219b09fdf336b136fd1d0ed6a23b14d335fd01998c102c11e37,bc1q43727w99qpg58ykswgzvfth7skvaagd9l03ppp,bc1qesrvsn8g7ln6rmtru5kmuve4cma37r9gsrd78w,0.0012,0,0.8901265073426374,907
e4eca3c7843c66c7522527dae43cd3140164fcfc481a05d8484c2f16f926055c,bc1qtnuly69vpemqc7w55c575tusqhqcuv62w0hp27,bc1q43727w99qpg58ykswgzvfth7skvaagd9l03ppp,0.83387899,0,0.8899498879687541,908
5340ace7305a743efb7560e8f88606ec3e48582d3dd843d69754ab3b4d40871f,bc1q8d6cluyekc57d5vx58y6dr5uzt9fq5kzpx2k4x,bc1qesrvsn8g7ln6rmtru5kmuve4cma37r9gsrd78w,0.00115,0,0.8898636799235738,909
2b1202d1861c96cf76ee7556b8f3f913a12115aedc18aa2e3ffe62888d042659,bc1q08cwdafxyhsjmlw2z049gje93xsaj05c9vt4a5,bc1qej7yjgy6zv5ndajxwvckv59hkdf28y9pdu95mj,0.79996836,1,0.8896670182342368,910
0fbb106c4d4df4c07e03fae8a803e9677ad891357ac2ec244799d8c41c6fdd25,bc1qa0pkfxfcyzmhgfz5mvpk45p2tpctk7sm3mkyzx,1EdgM2Svuhg83A3YukwMPR3nsrB6zi41Ao,0.0002,0,0.8895794782300658,911
fc17552846060ce36a338e970ebcc26827b8b9acc55c7192323992c5025bab05,bc1qw4wulrzygkflhty2f6yqez9tvqylsdtwuxfw3d,bc1qgrn30jql9q5pkg95zf9qy48tndhlxdg0x682mp,0.24158088,0,0.8893413151461235,912
76dfa53046cdcf52b8394fcc49c439f597e1163212cf9318ebb435f776a27f69,bc1q8d6cluyekc57d5vx58y6dr5uzt9fq5kzpx2k4x,bc1qth59z0fa8uz0j74kzdelyuk686u8q0erws57xk,0.00268285,0,0.889100895682038,913
7ce4eb5974e6db56ce4e281066c5a2fb86aa5ff84fed6ed882cc4b35a70580e8,bc1q43727w99qpg58ykswgzvfth7skvaagd9l03ppp,bc1q2r20r6lgdtl73j0gnmv8fhr6yysfqpvadsfw65,0.000131,0,0.8890716744963163,914
0fbb106c4d4df4c07e03fae8a803e9677ad891357ac2ec244799d8c41c6fdd25,bc1qa0pkfxfcyzmhgfz5mvpk45p2tpctk7sm3mkyzx,1EdgM2Svuhg83A3YukwMPR3nsrB6zi41Ao,0.00012548,0,0.8890716744963163,915
e1965381d624bf5920c1eaa6ab7539053a4c4b8bc2bebb667c010f06151dc529,bc1qgrn30jql9q5pkg95zf9qy48tndhlxdg0x682mp,bc1q4e3tswfcc8p0cnc4sw5eclxveunmdyu6eqwa8e,0.02058352,1,0.889041062010726,916
8fa2b473c7ad2433a20c9a8bd96ca722623104235838042c2a94fc35ace3840d,bc1q2x6kvykxddq69n0sz5g7r4dx4nfsvj05xqmvft,bc1qdk5xmta8t2mne44ydadjlydczl4e97mvc2mg9r,6.04537422,1,0.88890773099411,917
77380235578e66ba68b68725c7a081ee4b0a505d941a5b04e0f7e2c4cfa9e6a0,bc1qafhncen5a93gsklzy44rpqahx6kzqg3pmgeea0,bc1qgrn30jql9q5pkg95zf9qy48tndhlxdg0x682mp,0.23,0,0.8888572636179228,918
54d622a82e3611ce47f979de303e234f92becd0ab21a0ced96d0b3dd9fbabf67,bc1qcfrarau3qjs4eqrd5zpjzay4d2ckqyyrja89ym,bc1q2x6kvykxddq69n0sz5g7r4dx4nfsvj05xqmvft,7.0453798,1,0.8887057185489157,919
bdee2c236ba33f5faab98f3f79dae01d29868de45fa1db1cb7ee827fc9491461,bc1qcpnadpp6833c3jlnmjweac7vscaa8svn4jv42g,bc1qv78e86expldwt26tra8aut92c9zv9uesypc552,0.94851114,1,0.8886316374148788,920
7ea1b728e13f7110c1d0bb0bd2fddcf48b8be11eebeed1a0831851ba4cbd38a0,bc1qzj3qezrduncx5k46p3yxkxctqgm88lycmlcyva,bc1qdklcxh7zr64p800yeygxeumkevq6tx0gufnxen,0.02202672,1,0.8885965524658468,921
2b1202d1861c96cf76ee7556b8f3f913a12115aedc18aa2e3ffe62888d042659,bc1qr50zn6x7e56kc0zwh4hcmp692gwu52d9dvetx0,bc1qej7yjgy6zv5ndajxwvckv59hkdf28y9pdu95mj,0.05336865,1,0.8885901418358486,922
d85503d6152518c5bed4f8f75f5b069d68fcbd4e91d0bcf37e95913f8572b94b,bc1pr8md84de38flrgd24etyrneq80t2h5l6z6p9cvtmqp0fjqlwssks0zdr2n,bc1ph9gfvvegayt9v6f4zygdjhmvkgw73j0xzqanxxtuf4ysd887v8tq0qvtlk,0.2999844,1,0.8884607045749631,923
b75b2b83d9062955dbad705816b96c0d8ebebaf2b672d8ff2af1e72948b2f3ff,bc1qf5zd94m84tuyyryjlkemw5ezfpvad6t3a40l9w,bc1qu9qkaqep35qj7pfch4twjj8am9pr87c778reen,1.69568077,0,0.8884465353969737,924
485fffa32615327f6ec1ad2fe9081c6b7999eb128a446cc3fdc67e1433e34b92,bc1qzrrh4vm4958ky48vdh8rpan7khk003zn285ptr,bc1qh3a5vde8s9e99hha9423ru26ccvfc6umwxwvra,1.498884,1,0.8883756223613213,925
61746c2fd04a6e1ae6737cc18237432486ca2c5016dbf98ac58a1931307d0b07,bc1qpld5t4ngktwmcqf9sfweckj4ep0zw84rtumyvd,bc1q8d6cluyekc57d5vx58y6dr5uzt9fq5kzpx2k4x,0.99970067,0,0.8882606359587554,926
0722933a610d9dfad66a96adaa6e688abbd55ca945f5a25722a914624972463c,bc1qdwv8n22g396gtc6fmmjn0lpshl24lx0est8enj,bc1qhtr4hpkwqrs2m4cttqxjw4nqv6lp6rs520589r,0.09998644,1,0.8879990312020601,927
11f8cd53084a0c6cad9faf8c51755c709298ae7208c45f75d9648bdda4ba71ea,bc1qerh7lhrs3fgsg7j28y7k2z9rfwmw0ucd9lk7mq,1EdgM2Svuhg83A3YukwMPR3nsrB6zi41Ao,0.0003,0,0.887727027993704,928
8f0aa6d60554ad3aa95b5460596e004af5743e08ac509c1c43d8ef005c477217,bc1ph9gfvvegayt9v6f4zygdjhmvkgw73j0xzqanxxtuf4ysd887v8tq0qvtlk,bc1pvv5xun65n8c7armazmm7996cgq7sgesu38j9qlsh70f45arg9qvswalen8,0.15106592,1,0.887718130722083,929
1c6fa81a4695836d137582aeeca44f706e75a657e7882b8ef44dfea2bba6590e,bc1q2eyd5esm6x6x75rreahu7c6zyr5yjxfqv4kyln,bc1q8d6cluyekc57d5vx58y6dr5uzt9fq5kzpx2k4x,0.99946046,0,0.8874843754545536,930
862d3a5ef29233035f876cd83702590336e711f57df96f789cb27c3c5d9ee65b,bc1pphvkwsfmchlwtmf6v4tpvkfc24udqxpvsew937243qdrkg3c4hhq2c8n6m,bc1ph9gfvvegayt9v6f4zygdjhmvkgw73j0xzqanxxtuf4ysd887v8tq0qvtlk,0.13731178,1,0.8874418891644705,931
93717cea49e86b609a6df37d853ac42cda87dd9ecf240913b61b3efc8050f107,bc1q8d6cluyekc57d5vx58y6dr5uzt9fq5kzpx2k4x,bc1q3n560kt33l6d5rfujtvj2e8v7sqfc9lqddedq3,0.001,0,0.8874245993305585,932
84b03234ff672199f9c3ee578e5531c93e5065ba35575d1523193bb727ef9dde,bc1q2aqen57a7xgrxrsnr743vqymq5x0dnemr0mldt,bc1q6d5n2r54mc50r4p9gdfyqe574lugj79dktpy4q,0.00049817,1,0.8873534741255956,933
c8a4b18a56bd1b40a371b19b437c6fd52a698870ce9f8a8756a32d7f7bd9e6a2,bc1qr375m4qgjphel5enwnpsdyjxj0shu97dy5pe7t,bc1q8d6cluyekc57d5vx58y6dr5uzt9fq5kzpx2k4x,1.000012,0,0.8871947094525864,934
231d6eb066c24d5801c08792b3b0dd03840235559340e731c0bddb457eb08117,bc1qectd77t2yhfh7srpdppra9ssrwucl584r6rpjd,bc1qm7gfmjrgml7t89t25770algte8fsttfn0wr5yc,1.28874425,1,0.887182837307611,935
442ed04b378d429e1fc0b1cc555cf62668db4ac267f6f37ba23bf496a262da3f,bc1q8d6cluyekc57d5vx58y6dr5uzt9fq5kzpx2k4x,bc1q635e04asdvuaj2rtal83j23wspzjycw5e67rl6,0.000391,0,0.8871280594292271,936
55cc7e3db73bb2507686b45ca7e6faf17e7dafa77ac22b3593b475af498c4c56,bc1qpv9lvt8p9p4g6dfl3svmq98r0tnehp0az3ee00,bc1quns4qdk8vhw7ddrfydlv7gfnjpz562ukhrdrv2,0.3141797,0,0.8870309140473723,937
902adb6a256c13b364a4d4550769116c1f2928a849903c513e5319df8be62969,bc1qcg5fe5zhqaydqavpw7dn3khgdyeqz8ucdcs4rh,bc1qyufatfszt8hjlh2wna7uy4k5x5nae5vxpmskty,2.98997012,0,0.8870037247900455,938
f8be4c3c7f62a1d7894c5ed4094d8a46d1af03ae03ce4d83019bb2a615d75d08,bc1q8d6cluyekc57d5vx58y6dr5uzt9fq5kzpx2k4x,1EdgM2Svuhg83A3YukwMPR3nsrB6zi41Ao,0.0072,0,0.886747888117152,939
0b1d11f8210a42f9cb29b1ef8035e596a8df571101432bbd067fef7c439ad4bf,bc1qgrn30jql9q5pkg95zf9qy48tndhlxdg0x682mp,bc1qlly9p4hy377nneug9vsmuc2rcse5rdnd0cnns6,0.0003,0,0.8867294172568333,940
9f969fe94337d475ae8ccda29c9c318d4baf73555af59115d867b2af79debf69,bc1qu8mvqszp8rnzv8tudd3es207hzcw9cv0mmr7f3,bc1p6slkdt5j0ryp0jamhanap9dxx7tydllx0hrxzetrz7sz2dpyukwsdrf0qv,0.11343702,1,0.8864788106275039,941
e9aa170a89ed4bae811612dce785ab6114ed6a09e0f7abd448a75f7e7e96a1ea,bc1qwumavgafjtu2vleyjaaychge4algvsph3p2esv,bc1qmpgugequjgp9z99j2pylf3qpw87fj7vwjfm6ev,2.668,1,0.8860589389522184,942
7a31f23cd60b8429ccb0c4aeb64d73b0335a589f84e16101b1f18b141503052c,164KygsvvDzXMwjzVkSLogrubqsNsMgLRP,bc1qkkz28p78pe4qm6uthe5ayfewx5p02yufsrsnf7,0.19669304,1,0.8858684191730116,943
5340ace7305a743efb7560e8f88606ec3e48582d3dd843d69754ab3b4d40871f,bc1q8d6cluyekc57d5vx58y6dr5uzt9fq5kzpx2k4x,bc1qesrvsn8g7ln6rmtru5kmuve4cma37r9gsrd78w,0.00031588,0,0.8856442300280642,944
723c72a0d45db40cf2c9f71df617e002393894bade1c14339fd610cdc92a18ec,bc1qdfl3dfnwwvlqa5jpckh0ccwpjczh5y566c4g76,bc1q8pmuc2v0cku2ty0rfxp2jyvrhv6lpsjzq9y6s8,5.0,0,0.8856242774945899,945
f98e241f0fcd99ca78a36dfedf590cded8066da4b75a8a3abe673561f47c1d73,bc1pukgsyhlw5hrpehf4r3j3x43zat7kayms8rw62dq7m79ru0j09n2qzuze2y,bc1p3f34a7tqy94dwtkuz05kw9x8csvgthqgcq0q65vs09y0ahzju97stjd4ze,1.8,1,0.8856115926376862,946
704fde4c77c7d649caaac67dd93c589e0b1d3c9a1ba680cef4c1c0e64ce7f177,14HWPtqZ4qwyjfMkRa6RCPSAbh2b5mRM5o,19CKq5nWPijjEjJwETRgBD5pyrjPQ6Sou9,3.4,1,0.8855345365440909,947
3b4d13f758faea779c86db493414b444d77c7cb1657c28633e34a94b500d4f7c,bc1q8d6cluyekc57d5vx58y6dr5uzt9fq5kzpx2k4x,bc1q8gmcydxxhkkyu4gazldwed4amktmvm668wdd7x,0.05695593,0,0.8855336207681113,948
11f8cd53084a0c6cad9faf8c51755c709298ae7208c45f75d9648bdda4ba71ea,bc1qerh7lhrs3fgsg7j28y7k2z9rfwmw0ucd9lk7mq,1EdgM2Svuhg83A3YukwMPR3nsrB6zi41Ao,0.0001,0,0.8853078403320798,949
04150d00f3b59111a39cb9d40c3fb5bba81f58beee4d7e52ae04d494616ce9b7,bc1qgrn30jql9q5pkg95zf9qy48tndhlxdg0x682mp,bc1qwwhgpsf3e6uwkgp536srmkf26x8flserp2py5e,0.00012807,0,0.8851173058577078,950
0d1ea13a307c5eb2651a68ac55bcea23f683dc11a4745fba05f8d70751b3e3f0,bc1q8hhwja4ceag8xpf4sd3jjuunjj49lyhj3qu54v,bc1qkpuc26xq2rgrcalhmaee20mwhfq7gh56dymsnj,0.31638953,1,0.8850530775720398,951
fb4b7f22a6a0ccb4e9305fcd8c7e64d74a6829a9d680c7e8511d015907f63161,bc1qgrn30jql9q5pkg95zf9qy48tndhlxdg0x682mp,bc1q7sq4l67qvawv8k9tk2znhe98c5vr0jz36s4e4k,0.00037003,0,0.8849819813593974,952
5ff18eac5087515907b328e98847b0af6f4ade44793c6741f9312e5a7fbbb931,bc1q43727w99qpg58ykswgzvfth7skvaagd9l03ppp,1EdgM2Svuhg83A3YukwMPR3nsrB6zi41Ao,0.00033408,0,0.8849819813593974,953
d05916113d0777657120a56e917e64acd4936096ff669b05b8981b254df68254,bc1q43727w99qpg58ykswgzvfth7skvaagd9l03ppp,bc1qv57c6hfqlxn5kkvnky08524sd53w43smfz7feu,0.00011868,0,0.8844389841793862,954
73dd2af363c4e52ccccaeeee0a0cc831305872f5dc2616ca72c8fb9e419c777f,bc1q2f2se60ppwmps3rzyy4w28ttnnfurcv2hzfl6d,bc1q82telvmwxnkdkreen7nlqr7p6qzhh5tshvuv4v,0.00549947,0,0.8844003965054444,955
20120e55be8f72f16a6ea30b147b915a58038ee75e36388b5969c46bb4d63026,bc1qqpq4yrakqcfcr92l5ljygw2gx2kg9z7rw3874z,1EdgM2Svuhg83A3YukwMPR3nsrB6zi41Ao,0.00023,0,0.8843563489153532,956
c2d4d4905c959dc00d9fafa2909f40732d902c9fb792ea1195859c8f758c9a68,bc1q29lj9hhwsrxlhnsqxwpx5mycljt6ghn0emugrs,bc1qzjzjkag379y47zuzg3suqcs89ygmw6apku7x6w,2.0453519,1,0.8843006650257866,957
95c910346fe08a187f625ad2505dc38971e5a22f6764b28ee12b377685e3202f,bc1q8turve2fmhg07tm2mzut75d29hqmwkaqjyuumj,bc1qdklcxh7zr64p800yeygxeumkevq6tx0gufnxen,0.02941038,1,0.884081040183034,958
fb004bf5b145ef39728c5e31c27b8c2e8169a2a53dd673a0b9aadb465ec63d03,bc1qqpq4yrakqcfcr92l5ljygw2gx2kg9z7rw3874z,bc1q3qja7a5s6v0swdh5dvgwmqy2zcdjnktjt3krp2,0.00011,0,0.8840433352821383,959
18cf06f89e7f6839dbf47d64ea8b7c548d642f64348410026d463bf804466db5,bc1q43727w99qpg58ykswgzvfth7skvaagd9l03ppp,bc1qevj3sks32fgdqml2f5uc8cyu08g5j8hlsla4t8,0.09614864,0,0.8839517927757733,960
22f650770d76916c7aa8fb6a7f753efea07d5dc5ab90ade599a875cbce45e0a8,bc1q0xalzwczcrduathfc0205h68kxz3jhy3rtydmp,bc1qawxyp0xa75gydalfdm6dashjvq73lrs6yuy95d,0.07,0,0.8838539775926064,961
574232109445fae0b23f3bf1d3f4a8d354b510c79444c4f54c3fa05112816e7f,bc1q7fx55us4ngve9zsfqfjep66mdh680t94hdnskq,bc1qtwemq7wdjz65adnvqc8xeth5f0x0xd92jpgyrt,0.30761951,1,0.8831968615864505,962
69ae9f1274a97356f58df982a1555f969b88fbcde17ee23957148f39f766767e,bc1ph9gfvvegayt9v6f4zygdjhmvkgw73j0xzqanxxtuf4ysd887v8tq0qvtlk,bc1pvv5xun65n8c7armazmm7996cgq7sgesu38j9qlsh70f45arg9qvswalen8,0.98105918,1,0.8831768263783505,963
8db5a913007d4b050c0da4bb297597e0a8c894a73fd85ec82aac7ab8732283d8,bc1qtak5flan50rwdwv6av392nhq73x7jjrgrv34vj,bc1pzyzymqgpvckf5n5alm8pc6paxfwtn75q4mjgnnmvzzffnktsk6gq204nxv,0.02129994,1,0.8829268556060503,964
5340ace7305a743efb7560e8f88606ec3e48582d3dd843d69754ab3b4d40871f,bc1q8d6cluyekc57d5vx58y6dr5uzt9fq5kzpx2k4x,bc1qesrvsn8g7ln6rmtru5kmuve4cma37r9gsrd78w,0.0001,0,0.8828921200843487,965
8db5a913007d4b050c0da4bb297597e0a8c894a73fd85ec82aac7ab8732283d8,bc1qtak5flan50rwdwv6av392nhq73x7jjrgrv34vj,bc1pzyzymqgpvckf5n5alm8pc6paxfwtn75q4mjgnnmvzzffnktsk6gq204nxv,0.99105008,1,0.8827987263736492,966
1a77d9bf70f213657dcf42202dc7d19c88c7c8417a7931cbae0ab5576aa39cb2,bc1q5rg5xyc9shx5sfur0gnvn2j8tcff5t838ca6sd,bc1q43727w99qpg58ykswgzvfth7skvaagd9l03ppp,0.02662242,0,0.8822518027933884,967
230dea9e900f6d109dde54f85e6ebe365c2734096f9413bac159f2878f60cfed,bc1qyufatfszt8hjlh2wna7uy4k5x5nae5vxpmskty,bc1q9vqj87m6ma6g4q42gq0r2m0ppg9nkzn22tx3at,1.98996109,0,0.8821104158833808,968
8783c851f525cd77036ac98cc7299a77238ce00702d01ae3f6a0a0778a28de49,bc1ph9gfvvegayt9v6f4zygdjhmvkgw73j0xzqanxxtuf4ysd887v8tq0qvtlk,bc1pvv5xun65n8c7armazmm7996cgq7sgesu38j9qlsh70f45arg9qvswalen8,0.7561182,1,0.8820926958116029,969
442ed04b378d429e1fc0b1cc555cf62668db4ac267f6f37ba23bf496a262da3f,bc1q8d6cluyekc57d5vx58y6dr5uzt9fq5kzpx2k4x,bc1q635e04asdvuaj2rtal83j23wspzjycw5e67rl6,0.0001,0,0.8816123532995306,970
2b1202d1861c96cf76ee7556b8f3f913a12115aedc18aa2e3ffe62888d042659,bc1q4lxref4pfc3k6uh9uwa0npseknfe2vwdn5l6dk,bc1qej7yjgy6zv5ndajxwvckv59hkdf28y9pdu95mj,0.043326,1,0.881304205658286,971
698159e36285cdc72d817c304d4365f7086818a23b7f76ecfc421b27b4872326,bc1qr375m4qgjphel5enwnpsdyjxj0shu97dy5pe7t,bc1q43727w99qpg58ykswgzvfth7skvaagd9l03ppp,2.0,0,0.8812869739643528,972
862d3a5ef29233035f876cd83702590336e711f57df96f789cb27c3c5d9ee65b,bc1phs2nxuqputl9su7eupp2np6nlr8h9gagw9uexa6j40jl6v5zwmrqh9cukc,bc1ph9gfvvegayt9v6f4zygdjhmvkgw73j0xzqanxxtuf4ysd887v8tq0qvtlk,0.2121134,1,0.8811452700937792,973
a1dac2e6ad4f5d84a9da1b135b9ba6076cf2260d3bbc0c130090b479d6ec1151,bc1qgrn30jql9q5pkg95zf9qy48tndhlxdg0x682mp,bc1q6nzu9v7np3qxh85mqvtdfrvu8rs9llpmw7rgxy,0.0002,0,0.8811205295733733,974
047ac2d5ee5bd0f92795412e8476c8b2d70c9ddb6166d02fc0c47c7f0f44d29b,bc1q43727w99qpg58ykswgzvfth7skvaagd9l03ppp,bc1q35w484h3ggzeg9smq0sv6y09fs2kuh8mh84mfy,9.584e-05,0,0.8811021069995073,975
da611be0c942db53cfaf6e339d51d3ebaa919364a13a06630b8919b8e1ebb2fc,bc1q43727w99qpg58ykswgzvfth7skvaagd9l03ppp,bc1qzxh7f0336vzs7dmfej05rrpmrrk87hwk05r7tu,0.00019,0,0.8806560121291769,976
dee09ef5cc10b3d62c38cd5a1bd944b1dcd7a8c893b64afdef45a42d065c6722,bc1q43727w99qpg58ykswgzvfth7skvaagd9l03ppp,1EdgM2Svuhg83A3YukwMPR3nsrB6zi41Ao,0.0002706,0,0.8806092940978025,977
8783c851f525cd77036ac98cc7299a77238ce00702d01ae3f6a0a0778a28de49,bc1ph9gfvvegayt9v6f4zygdjhmvkgw73j0xzqanxxtuf4ysd887v8tq0qvtlk,bc1ph9gfvvegayt9v6f4zygdjhmvkgw73j0xzqanxxtuf4ysd887v8tq0qvtlk,0.00081605,1,0.8804641877699327,978
11f8cd53084a0c6cad9faf8c51755c709298ae7208c45f75d9648bdda4ba71ea,bc1qerh7lhrs3fgsg7j28y7k2z9rfwmw0ucd9lk7mq,1EdgM2Svuhg83A3YukwMPR3nsrB6zi41Ao,0.03,0,0.8804370865812895,979
875fb346e34b12650b4f3c59f6ca0978b5c9dfd85aef34ea6afa535f016ea7db,bc1qgrn30jql9q5pkg95zf9qy48tndhlxdg0x682mp,bc1pzvyk3fggmtnq9tx8jn8q2u7uvw3npxkwtvxdukvq6m4r8m3eqzasknu8hy,0.00067536,0,0.8803212891174604,980
e89923623b490e461ca0d4e55225bd9c2489f7a5a4787e356653310d920a3ff3,bc1q67q30drsdc05u2m2ly5qsgfg0yjhu6uu8hmnar,1MvURyjSpLPppUaLKuD3yaye5N6eSZYYtT,0.00046376,0,0.880105814918335,981
e30b29d035fd613e8146a81dd1944ed4ed81ad7d71bd06dfa3c5eff86bf5c3dd,bc1qdrdxdj6sphjmku4t0v77lkwyfncmv2592kuk64,bc1qd6vumr6k0zvx7zhgv3avx37fz04f7t2pyj4khg,0.044,0,0.8800837994405383,982
a7ddb710bd0afaa21c1fc754f84e86cc2034b9ec2faa708b070f0c6c09347e71,bc1q8d6cluyekc57d5vx58y6dr5uzt9fq5kzpx2k4x,bc1qfhp6r9kk8m8lteygcv7ydd3hkvcsgfqnr8wdqu,0.00045299,0,0.8800215514832762,983
55fdbf24183bb8806b444bc9ffeee8ca672f4794c59419a46cb395c78ad20d4a,bc1ph9gfvvegayt9v6f4zygdjhmvkgw73j0xzqanxxtuf4ysd887v8tq0qvtlk,bc1ph9gfvvegayt9v6f4zygdjhmvkgw73j0xzqanxxtuf4ysd887v8tq0qvtlk,0.00088287,1,0.8798211797063678,984
7d0ee93629838a4c2c2ae31ddeebb7d4e97834d0c3421bb0b63aebf95dc4ba9f,bc1q8wsp76a3q7d7n5n5hewk24njcgffavcg0wj4rf,bc1q29lj9hhwsrxlhnsqxwpx5mycljt6ghn0emugrs,3.04535748,1,0.8796268534119528,985
f56b5e8cbca8511c766bc3d518b10247d548e8cd6e714fbebd44a4fd58ed0805,bc1qn59gknrpyqgfz6d9u6hfk4qd0xr68ndypkxntq,bc1q8d6cluyekc57d5vx58y6dr5uzt9fq5kzpx2k4x,0.1,0,0.8796167130066367,986
a9e502cdd312bb5a17fa206c98974334e045ea4f6e4b94dd94f53de37ff04bff,bc1qxwzxgyuluh6x66xr2d2lzrl9wm2y8tjgy6napp,bc1q7yn5stkl2yxjmdc5nf67emd2w3d4mwlfentmvl,0.1,1,0.8796167130066367,987
3e44f3964dd9d6b38203c0718e4310f0770759cc1d22ee57844fff656a4ea3f2,bc1qgg7vkjl9ttep9h7zlpuwf70kxg52zwg23w4yxs,bc1q43727w99qpg58ykswgzvfth7skvaagd9l03ppp,0.0003872,0,0.8795551262439179,988
c245d654819c85411ab759bf274efaa042493d39dc47f8e078e0516bb766b731,bc1pvpuh6qg7x9kagfwwcaqywx40kzukrf6qhctwcfd2akms0da94wnqypxmc2,bc1q43727w99qpg58ykswgzvfth7skvaagd9l03ppp,0.08824699,0,0.8792051577728546,989
36add460eeaf2bbc0eba0a73dc3b640458cbada225d3f7e27f524f5729ad3bc2,17YnH7iCDcCFthoq2WfXrvXCsrGJRLn9mQ,bc1q8d6cluyekc57d5vx58y6dr5uzt9fq5kzpx2k4x,0.0885,0,0.8792051577728546,990
4b1ee3c6f6b9529ee14dd83371cc20a98e830d46a897c33b5c62fda40070ea8d,bc1qn59gknrpyqgfz6d9u6hfk4qd0xr68ndypkxntq,bc1q8d6cluyekc57d5vx58y6dr5uzt9fq5kzpx2k4x,0.1,0,0.8791755474949077,991
341447d3b69874e760639da5fd0f81884c6242da981fb3b82a662751f1df2def,bc1q8d6cluyekc57d5vx58y6dr5uzt9fq5kzpx2k4x,bc1qesrvsn8g7ln6rmtru5kmuve4cma37r9gsrd78w,0.0005,0,0.8789676601274091,992
7c373bd80b49449888bb5240cceddb02cebb687183834ac63f73f97d3aabbfca,bc1q8d6cluyekc57d5vx58y6dr5uzt9fq5kzpx2k4x,bc1qlp825a7rhy3t6j7vzwxqjtmzeucdurwhav0wfx,0.0001,0,0.87889757642424,993
7ea1b728e13f7110c1d0bb0bd2fddcf48b8be11eebeed1a0831851ba4cbd38a0,bc1qzj3qezrduncx5k46p3yxkxctqgm88lycmlcyva,bc1qdklcxh7zr64p800yeygxeumkevq6tx0gufnxen,0.03189631,1,0.8788808866798098,994
e401e457fa710f3164c3afb1df47881a700aef8c3abbd53c6128439fccc6635c,bc1q8d6cluyekc57d5vx58y6dr5uzt9fq5kzpx2k4x,bc1q2r20r6lgdtl73j0gnmv8fhr6yysfqpvadsfw65,0.06712578,0,0.8788784299689608,995
487d2226a7d61219b09fdf336b136fd1d0ed6a23b14d335fd01998c102c11e37,bc1q43727w99qpg58ykswgzvfth7skvaagd9l03ppp,bc1qesrvsn8g7ln6rmtru5kmuve4cma37r9gsrd78w,0.0003,0,0.8788673119468098,996
48231cf942a77f4cdf4a82b6aa6864885b230920a5bdf85b8e41d36984c7e422,bc1q8dj9anpwvyetpqcnv9dsygmkwe2kf8am8duqlh,bc1qp8vpvzwl6lgzj2d46y2f4gcquzw0gxwmgjd8ap,1.18121139,1,0.8785695504817821,997
485d47abe31dd01128dd32cbdd8613355f70decc04dafd3c2ea0682c83b6bead,bc1qqk9dxajp5e6k4lcxaq95ud2x7nzneg54ne3hvm,bc1qtrfet46wnnh6qjg0vtf99egvmvaj2wpmda8rff,0.38374939,1,0.87832430351033,998
21811674b05be00afaf0f370c95262bc44cdbf6a4fab609879f8817fca34cedf,bc1qa0pkfxfcyzmhgfz5mvpk45p2tpctk7sm3mkyzx,1EdgM2Svuhg83A3YukwMPR3nsrB6zi41Ao,0.00112,0,0.8780942599666814,999
8a5d653c6bd18e14d0dc53260141f256cc8a4cb5677152a992e17e3f2c88a3cf,bc1q43727w99qpg58ykswgzvfth7skvaagd9l03ppp,3N3P9BJmvybvaAdcaGzA4FC6K2FDW1uTdP,0.0001,0,0.8779418494995633,1000
